{"type":"FeatureCollection","crs":{"type":"name","properties":{"name":"EPSG:4326"}},"features":[{"type":"Feature","id":25,"geometry":{"type":"Polygon","coordinates":[[[-9.1542301876015539,38.715196174043243],[-9.1543316976672866,38.715144306420662],[-9.1544501459070471,38.71508389449798],[-9.154554362059903,38.715030566285918],[-9.154805998335199,38.714948014548575],[-9.154979248728889,38.714891184819308],[-9.1552040271786126,38.714817428961197],[-9.155889450615021,38.714619914663096],[-9.1561979065194041,38.714531015843178],[-9.1563744301615593,38.714495215827753],[-9.1565723222175794,38.714455035322025],[-9.1566648565051807,38.714444405752452],[-9.156934122552828,38.714413489498511],[-9.1575158211769345,38.714415886815317],[-9.1575001613389091,38.714459752768143],[-9.1574904720988997,38.714486867602147],[-9.1574193926782055,38.714685235795265],[-9.1572657177522441,38.715114180594746],[-9.1578724045500675,38.715401903277467],[-9.1582086937541867,38.715561428405302],[-9.158689425728868,38.715771947450833],[-9.1588786851752477,38.715748488919914],[-9.1598792563063824,38.715624482487193],[-9.1605545582386672,38.715548189282359],[-9.1606997049596348,38.715535561899635],[-9.160753736492449,38.715535086082554],[-9.1608113317822291,38.715542686000312],[-9.160869251862092,38.715572802718796],[-9.1609077048963474,38.715608495272029],[-9.1609155298081859,38.715615618367956],[-9.1609904118804391,38.715683432487943],[-9.16114097113112,38.715853987020907],[-9.1612066297446688,38.715928342547109],[-9.1613351801281073,38.716073136873788],[-9.1614240245247736,38.716175043411852],[-9.161551322910384,38.716312642204834],[-9.1615742650708576,38.716333323336841],[-9.1615846198268684,38.716342627457067],[-9.1615909263036777,38.716348324405892],[-9.1617074246792924,38.716294151257543],[-9.1618765189500895,38.716219697869185],[-9.1620204903300166,38.716157175573073],[-9.162194325634708,38.716092588661155],[-9.1623247207001342,38.716045498874891],[-9.1625753329221666,38.715963119623481],[-9.162942854833517,38.715855387028654],[-9.1632850971323112,38.71574877682329],[-9.1636433541537006,38.715636619733999],[-9.1639501905838383,38.715546534739708],[-9.1638015609209962,38.715502821095086],[-9.1637539038105746,38.715488816921045],[-9.1637607921411064,38.715478581805222],[-9.1638721098235916,38.715313921982641],[-9.1640174010622726,38.715103657392653],[-9.1641545278405427,38.714885358436121],[-9.1642207070427357,38.714770374805994],[-9.1642788400418969,38.714655462104602],[-9.1643881409363974,38.714421193212338],[-9.1644831072101205,38.714229388574559],[-9.1645500465427183,38.714087374424572],[-9.1646742773161289,38.713852073649221],[-9.1647377930964709,38.713711891168117],[-9.1647743673604101,38.7136169857597],[-9.1648322981255212,38.713408393561437],[-9.1648549646277857,38.713146065284441],[-9.1648858152368931,38.712813404241373],[-9.1650253342999033,38.712761726997513],[-9.165171984804962,38.712726200810955],[-9.1651836317843784,38.71272719155327],[-9.1653239329044087,38.712739270196074],[-9.1656123596408321,38.712808781886984],[-9.1656526953033577,38.712817444350939],[-9.1657611325784316,38.712840794379041],[-9.1658993251437799,38.712856686871525],[-9.1659912901225145,38.712855872644077],[-9.1660613344950885,38.712849848192548],[-9.1661438814349641,38.712833804567843],[-9.1664096945469051,38.712770198451381],[-9.1665424458746685,38.712733895304311],[-9.1667910407843252,38.712665934777768],[-9.1669809006960641,38.712621628051437],[-9.1669872290646559,38.712620138937183],[-9.1671118757449523,38.712591031141955],[-9.1671612807670559,38.712588791715859],[-9.1672107625003161,38.712591956314895],[-9.1672700148451316,38.712619884490955],[-9.167301987780057,38.712634939380585],[-9.1673195748283138,38.712643237699865],[-9.167485643443726,38.712678698149453],[-9.1675050876671271,38.712677609118479],[-9.1675649229159184,38.712675293454751],[-9.1676715580844359,38.712655431569821],[-9.1677770562205509,38.712633103385748],[-9.1679958017354082,38.712577792987261],[-9.1681883794599575,38.712538252435515],[-9.1682124540503303,38.712533535357906],[-9.168238742934701,38.712533439527242],[-9.1682849670226929,38.712539197055229],[-9.1683242078437299,38.712549659055853],[-9.1683717164243692,38.712575360318262],[-9.1684135173779264,38.712603814465304],[-9.1684402820104118,38.712626096239447],[-9.1684625665268324,38.712656525668287],[-9.1684907796032409,38.712699512712199],[-9.1685320548302478,38.712771209262598],[-9.1686478482003899,38.712987269849386],[-9.1687746913871173,38.713251874938472],[-9.1687998992549176,38.713325515287806],[-9.168815533688651,38.713373118510695],[-9.168940808181766,38.7136881813733],[-9.1689993366786631,38.713839894034443],[-9.1691405207128955,38.714221473028083],[-9.169317288642679,38.714678400748454],[-9.1694020745549629,38.714896537784213],[-9.1694534343599106,38.715029398094934],[-9.169499972473437,38.715147699366305],[-9.1695035667048224,38.715156863638093],[-9.169745557086241,38.715115079995158],[-9.1698201106037516,38.715102707794166],[-9.1698499741056256,38.715100641405563],[-9.1698763888014767,38.715098604692123],[-9.1698870740603802,38.715099607094643],[-9.1698936587814917,38.715100253116802],[-9.1699201775890824,38.715105422666007],[-9.1699398118168691,38.715111553150727],[-9.1699966805581212,38.715133202754117],[-9.1700392367673782,38.71514940430211],[-9.1701051542616394,38.715175841448371],[-9.170116353203527,38.715179610093955],[-9.1701756311638629,38.715199536653515],[-9.1703545869581564,38.715251092822655],[-9.1703647627689175,38.715254074225861],[-9.1704111646675184,38.715267704902438],[-9.170530094204036,38.71530267931665],[-9.1705934891181951,38.715322650201905],[-9.1706802465171915,38.715349986633079],[-9.1707761061494484,38.715379760812027],[-9.171296869397823,38.715533667935965],[-9.1716410022234349,38.715637799727084],[-9.1719059959969886,38.715716425308877],[-9.1719504652942359,38.715729627553394],[-9.1720255156771824,38.715751479423403],[-9.1720752095503464,38.715769052650636],[-9.1721064575702815,38.715783186639534],[-9.1721218857666855,38.715792769916952],[-9.172133465651056,38.715783209645643],[-9.1722009646165166,38.715727487911394],[-9.1722459082560359,38.715655294856703],[-9.1723310628583477,38.715518528179985],[-9.1724763505071891,38.715285175980895],[-9.1730207144438864,38.714410817541285],[-9.1732196782662161,38.713956037455411],[-9.173274212478578,38.713745218554664],[-9.1732920219963194,38.713648226416453],[-9.1732971276837691,38.713620526833729],[-9.1733284327212878,38.713321909485458],[-9.1733238335288227,38.713276276004144],[-9.1733123317062866,38.713163154823505],[-9.1732841840523491,38.7131644771898],[-9.1732521400743945,38.713163740784573],[-9.1732382605175662,38.713153095356624],[-9.1732266914412204,38.713154477397744],[-9.1732191400453509,38.713155423745746],[-9.173120693161934,38.712799956292002],[-9.1730846303452065,38.712675789214671],[-9.1730485664561314,38.712551618529425],[-9.1729877654555168,38.712331018801436],[-9.1730424123974075,38.712301461640784],[-9.1733875967278955,38.712114965326073],[-9.1734489964760186,38.712115853046633],[-9.1739686796846431,38.712123292776411],[-9.1739825271121358,38.712123484771986],[-9.174024869780629,38.712124074341062],[-9.1743646988491925,38.712128955406548],[-9.1749705868972828,38.712137613642824],[-9.1751392711709485,38.712140044972344],[-9.174535164860055,38.710869491482612],[-9.174457011004252,38.710704985929411],[-9.1743774388750907,38.710537789686292],[-9.1739925509327147,38.70975556095874],[-9.1737805047871426,38.709324535500379],[-9.1737114146655934,38.709142653593481],[-9.1736746296314529,38.708580803962704],[-9.1736813731689466,38.708490935419604],[-9.1737118124039245,38.708085402842471],[-9.1737913465734469,38.707419015513125],[-9.1738470944597363,38.706951373439061],[-9.1738523221091288,38.706907548616577],[-9.1738894417537633,38.706590052586975],[-9.1739016175965418,38.706486443671096],[-9.1739051903354873,38.706455424763213],[-9.1739154185453593,38.706368138343478],[-9.1739768033497899,38.706154105148009],[-9.1739940861189471,38.706093509318201],[-9.1740253818050217,38.70598450559644],[-9.1740805445373041,38.705809171534909],[-9.1741006485118586,38.705737019581647],[-9.1741039257668344,38.7057251909808],[-9.1741276347847212,38.70564003557736],[-9.1744874089963684,38.704347176119981],[-9.1745046986443093,38.704294957469926],[-9.1745104234840849,38.704277521267869],[-9.1752843733046063,38.701933713743166],[-9.1753651866772152,38.701688790539755],[-9.1753695933084245,38.701675599746693],[-9.1754404982813256,38.701460760164601],[-9.1754065767710937,38.70130982195257],[-9.1749083575612733,38.699093749303039],[-9.1759008485827458,38.69892986289446],[-9.1759308344543147,38.698786551086897],[-9.1759038691621697,38.698636032833726],[-9.1747328191940447,38.692098659624101],[-9.1708325269174917,38.692255719092934],[-9.1655636817954615,38.693204749850658],[-9.1599757678712521,38.695536352675781],[-9.154340616119212,38.694577264924177],[-9.1495022867578033,38.694487705221654],[-9.1520026082145343,38.705131160720917],[-9.1520163027975041,38.70518944767052],[-9.1520584184653888,38.705313567951841],[-9.152103765898346,38.705454866028255],[-9.1523007993240864,38.706068831010015],[-9.1523438652865341,38.706203211879817],[-9.1523626511435534,38.70627123786641],[-9.1524218264693218,38.706487449189957],[-9.1524407451897236,38.706556644126991],[-9.1524381892913773,38.706919405218272],[-9.1527126520684288,38.707949922626597],[-9.1528461551511704,38.708217210564179],[-9.1528505236393123,38.708233386664844],[-9.1528553786541345,38.708251359199004],[-9.1528602338143212,38.708269422711361],[-9.1528715189665562,38.708311120891182],[-9.1528768582318616,38.708330890778505],[-9.1528838821705314,38.70835587144839],[-9.1530831559070744,38.709069712685071],[-9.1530967252051543,38.709118416161914],[-9.1531081844642408,38.709164256421325],[-9.1531097722564869,38.709170818327692],[-9.153111476279749,38.709177469298922],[-9.1531258658752588,38.709235353660745],[-9.1532533089641621,38.709748496650548],[-9.1533580633597751,38.710169867818358],[-9.1534464324227809,38.710530399366611],[-9.1536317512791356,38.711280662912195],[-9.1536982457303058,38.711453212225187],[-9.1537116188266499,38.7114881352569],[-9.153719619064141,38.71150896371136],[-9.1537251615310176,38.71151873392261],[-9.1538556272729465,38.711751165783781],[-9.1536736273538111,38.711662048818191],[-9.1535570419450778,38.711604967384645],[-9.1530026343979216,38.712055159243548],[-9.1528056867070084,38.712240549664102],[-9.152928928406121,38.71259564283519],[-9.1529917452258935,38.712776330787335],[-9.1530140792794583,38.712843063627254],[-9.1530836031994607,38.7130507175589],[-9.1531705229520188,38.713293169346947],[-9.153255882283192,38.713530950574906],[-9.1533874018566888,38.713934072117894],[-9.1533896885034753,38.713941258467571],[-9.1534062760955148,38.713991917257388],[-9.1534090405070785,38.714000360540481],[-9.1535313494208275,38.714241061005445],[-9.1535822301586247,38.714310066764106],[-9.1539823674095988,38.714852981576911],[-9.1540647039573599,38.714967021171788],[-9.1540935580629625,38.715007034415549],[-9.1542301876015539,38.715196174043243]]]},"properties":{"OBJECTID":25,"NOME":"Estrela"}},{"type":"Feature","id":26,"geometry":{"type":"Polygon","coordinates":[[[-9.1434358963317113,38.715058713521842],[-9.1434610674703531,38.715056327800831],[-9.1434801966347834,38.71505450954055],[-9.1434937604431887,38.715053221295769],[-9.1437066249263488,38.715032850473847],[-9.1441134361260552,38.715703554527842],[-9.144142659184606,38.715737075076611],[-9.1442106689416658,38.715815041976668],[-9.1442157408584475,38.715820859542809],[-9.1445026226246728,38.715710558267133],[-9.1448427093324849,38.715579854228039],[-9.1448731450195417,38.715568149929048],[-9.145046267912095,38.715501606571728],[-9.1450861526592853,38.715486265920269],[-9.1450967933944671,38.715482173414586],[-9.1455259993641125,38.715557717830173],[-9.1455848245635565,38.715568092639622],[-9.1456518914939018,38.715579872432961],[-9.1456890496481975,38.71558927192072],[-9.1458061756442568,38.715618886041199],[-9.1462357509959702,38.715727488975148],[-9.1470045668821811,38.715919809166422],[-9.1471697793276547,38.715961148411289],[-9.1472269927345629,38.715981990918216],[-9.1472881296392998,38.716004250531562],[-9.1473162074109684,38.716014463311396],[-9.1474379904312784,38.716064839991077],[-9.1474583184296954,38.716080147271441],[-9.1476053616611406,38.716190850182727],[-9.147683891208457,38.716250183730239],[-9.147710446553873,38.716274851060398],[-9.147751839607734,38.716313340118639],[-9.1477803371719268,38.71633989304096],[-9.1477951175242911,38.716347707011032],[-9.1480278941933406,38.716472224701917],[-9.1483778306911194,38.716659381446313],[-9.1485460720957867,38.716743478952175],[-9.1491171964008817,38.717028934686731],[-9.1493003148014509,38.717115346543544],[-9.1494079341952972,38.717156273383623],[-9.1494184881829064,38.717160263108234],[-9.1495800715743254,38.71691239559383],[-9.1498793629363391,38.716452643217607],[-9.150140761556802,38.716035823364479],[-9.150092494754464,38.715706362057709],[-9.1500463199133772,38.715391430241773],[-9.1504801504298054,38.715449641805655],[-9.1507605079936702,38.715487252649432],[-9.1515383799209342,38.715668911421155],[-9.1516280013369844,38.715689834277619],[-9.1516654241698934,38.715676186499422],[-9.1517599742010969,38.715641757036707],[-9.1519344398613995,38.71557823827311],[-9.1520556659373078,38.715782261476917],[-9.1521763345943299,38.71598535979038],[-9.1522196081704763,38.716058229250848],[-9.1525763490114382,38.716646193456782],[-9.1526469914260815,38.716762601470222],[-9.1527492374530457,38.716675953891645],[-9.1528139933591337,38.716621070709273],[-9.1530497654349343,38.716432278975127],[-9.1531884152285592,38.716302255766855],[-9.1535461487558685,38.716014751640735],[-9.1536888965938772,38.71593078898254],[-9.1537615313878256,38.715888019651302],[-9.1539363217590495,38.715783883056702],[-9.1540698072882645,38.715704357018041],[-9.1544555620043795,38.715503710687152],[-9.1542301876015539,38.715196174043243],[-9.1540935580629625,38.715007034415549],[-9.1540647039573599,38.714967021171788],[-9.1539823674095988,38.714852981576911],[-9.1535822301586247,38.714310066764106],[-9.1535313494208275,38.714241061005445],[-9.1534090405070785,38.714000360540481],[-9.1534062760955148,38.713991917257388],[-9.1533896885034753,38.713941258467571],[-9.1533874018566888,38.713934072117894],[-9.153255882283192,38.713530950574906],[-9.1531705229520188,38.713293169346947],[-9.1530836031994607,38.7130507175589],[-9.1530140792794583,38.712843063627254],[-9.1529917452258935,38.712776330787335],[-9.152928928406121,38.71259564283519],[-9.1528056867070084,38.712240549664102],[-9.1530026343979216,38.712055159243548],[-9.1535570419450778,38.711604967384645],[-9.1536736273538111,38.711662048818191],[-9.1538556272729465,38.711751165783781],[-9.1537251615310176,38.71151873392261],[-9.153719619064141,38.71150896371136],[-9.1537116188266499,38.7114881352569],[-9.1536982457303058,38.711453212225187],[-9.1536317512791356,38.711280662912195],[-9.1534464324227809,38.710530399366611],[-9.1533580633597751,38.710169867818358],[-9.1532533089641621,38.709748496650548],[-9.1531258658752588,38.709235353660745],[-9.153111476279749,38.709177469298922],[-9.1531097722564869,38.709170818327692],[-9.1531081844642408,38.709164256421325],[-9.1530967252051543,38.709118416161914],[-9.1530831559070744,38.709069712685071],[-9.1528838821705314,38.70835587144839],[-9.1528768582318616,38.708330890778505],[-9.1528715189665562,38.708311120891182],[-9.1528602338143212,38.708269422711361],[-9.1528553786541345,38.708251359199004],[-9.1528505236393123,38.708233386664844],[-9.1528461551511704,38.708217210564179],[-9.1527126520684288,38.707949922626597],[-9.1524381892913773,38.706919405218272],[-9.1524407451897236,38.706556644126991],[-9.1524218264693218,38.706487449189957],[-9.1523626511435534,38.70627123786641],[-9.1523438652865341,38.706203211879817],[-9.1523007993240864,38.706068831010015],[-9.152103765898346,38.705454866028255],[-9.1520584184653888,38.705313567951841],[-9.1520163027975041,38.70518944767052],[-9.1520026082145343,38.705131160720917],[-9.1495022867578033,38.694487705221654],[-9.1465499470876299,38.694432931880861],[-9.1412165200762203,38.695646799312577],[-9.1385523494539083,38.696628391795706],[-9.1414374297647889,38.705473312324209],[-9.1416855881487002,38.706233995168539],[-9.1417738430348727,38.70649292887267],[-9.1417993871559009,38.706568103717693],[-9.1419688250643159,38.707065313691281],[-9.1417719406548255,38.707117369210579],[-9.1413109356164046,38.707239174058202],[-9.1411925053969512,38.70727046355691],[-9.1410611339648131,38.707305286601191],[-9.1410256149844145,38.707313700808015],[-9.1407364615632236,38.707382704723692],[-9.1407559640768046,38.707444723574945],[-9.1407815030818931,38.707515489312016],[-9.1407901037233561,38.707544992620903],[-9.1408087982051072,38.707594977568057],[-9.1408189644918227,38.707614887481036],[-9.1408395514886411,38.707644904518311],[-9.1410113273944109,38.707597480882264],[-9.1412309746297726,38.707537123265581],[-9.1412362956741386,38.70757211810821],[-9.141236573956256,38.707591933083819],[-9.1412356382711621,38.707615270705887],[-9.1412340638199066,38.707658612269093],[-9.1412450515735149,38.70776958400441],[-9.1412471867536222,38.707790644073953],[-9.1412514772417222,38.707834115223733],[-9.1412545869308683,38.707891738052439],[-9.1412584286938756,38.707919629408146],[-9.1412624401160123,38.707967786168517],[-9.1412640914765291,38.707987138908337],[-9.1415881059813913,38.707982538525847],[-9.1420280798087887,38.707958919078337],[-9.1426461379210213,38.707944027656104],[-9.142643666563524,38.707964406840539],[-9.1423358122702698,38.710512412738346],[-9.1423595243214404,38.710514460028008],[-9.1427010394088022,38.710543484134242],[-9.142945521054255,38.710564249205582],[-9.1429451714867991,38.71057208909108],[-9.1429297198595521,38.710878849390483],[-9.1429237122346869,38.71125200544202],[-9.1429200468533587,38.711538486232392],[-9.1429583879876972,38.711966746897787],[-9.1430753351698257,38.712351811276015],[-9.1432289072409301,38.712798441477304],[-9.1432375389716363,38.712823498910574],[-9.1432770608457279,38.712943861347505],[-9.1432849914586871,38.712968114124315],[-9.1431776182798199,38.712985077646678],[-9.1428307170405674,38.713039693824847],[-9.1427653281917021,38.713049987947734],[-9.1423532800715162,38.713270820360648],[-9.142094483921591,38.713409886604069],[-9.1420972274103498,38.713441389636394],[-9.1420948173617944,38.713449877850451],[-9.1420917454219168,38.713460353512062],[-9.1420655468087322,38.713477695493289],[-9.1420288868321595,38.713487019745273],[-9.1419772581275875,38.713494672476102],[-9.1419312115819853,38.713490566762616],[-9.1418916026837369,38.713486404584145],[-9.1418143442770745,38.713478425399025],[-9.1417596834864518,38.713474934411799],[-9.1416988201233931,38.713479963421356],[-9.1416715082002415,38.713483622928166],[-9.1416431641696807,38.713487470588767],[-9.1417810460776341,38.713930635731302],[-9.1420638087698318,38.713860452956354],[-9.142378820337477,38.714088239568007],[-9.143256685421953,38.714899186659316],[-9.1434056074314736,38.715031844414597],[-9.1434358963317113,38.715058713521842]]]},"properties":{"OBJECTID":26,"NOME":"Misericórdia"}},{"type":"Feature","id":27,"geometry":{"type":"Polygon","coordinates":[[[-9.134285997829469,38.718941190987465],[-9.1343611047122888,38.719023772524402],[-9.1344596347841218,38.719195517010064],[-9.134573566024569,38.719416942176537],[-9.1345964219019855,38.719505653302114],[-9.1346630317320372,38.719820716222031],[-9.1346753384052004,38.719909769919539],[-9.1346842878315648,38.71998384704451],[-9.134739622021673,38.719995707471725],[-9.134951629128615,38.720041162459047],[-9.1349918081742683,38.719774571241025],[-9.1350454247157167,38.71977574848205],[-9.1350705908664906,38.719776324593695],[-9.1351224675472817,38.719777488786207],[-9.1351381052226284,38.719777824968574],[-9.1351534093009121,38.719778150496353],[-9.1352647345497822,38.719780665198286],[-9.1355760841859421,38.719787718984236],[-9.135574753992282,38.71979966313274],[-9.1355565669612098,38.71996185647842],[-9.1355527795294513,38.719995853175398],[-9.1355631475053123,38.719996840716284],[-9.135855597941914,38.720024593776685],[-9.1360140252481994,38.720039625559927],[-9.1367189306785193,38.720166049923122],[-9.1369274308207338,38.719438074135958],[-9.1369317960268823,38.719422905213847],[-9.136933994924636,38.719415211617431],[-9.1370342791796144,38.71906476537832],[-9.13688413539316,38.718877419604013],[-9.1366078372559283,38.718532647505619],[-9.1364736708657865,38.718403178413475],[-9.1364337050315196,38.718364616352879],[-9.1363839020258126,38.718256680699675],[-9.1364178485043492,38.718151987997416],[-9.1367102403798413,38.717774478325403],[-9.1367221226893385,38.717703395088336],[-9.1367087161895171,38.717681283217118],[-9.1366426762976953,38.717572383576353],[-9.1362163441749686,38.717127538755264],[-9.1362094701198391,38.717120334675776],[-9.1363859118286666,38.71701268705722],[-9.136501287027869,38.716942601016768],[-9.1368860764449682,38.716718329985234],[-9.1369703519891452,38.716693554429497],[-9.137137664702168,38.716690029659304],[-9.1371659413918849,38.716661785803552],[-9.1372005296355887,38.716584930721673],[-9.1372516906461705,38.716471433331797],[-9.1373487024981781,38.716262836762624],[-9.1374867878464876,38.716025319646384],[-9.1375094659017719,38.715986310734991],[-9.1375711846630114,38.715902249450721],[-9.137594505999207,38.715870022438921],[-9.1377467828036885,38.715646250720987],[-9.1378978650616478,38.715406372153936],[-9.1379882871885094,38.715294696191414],[-9.1380451262406446,38.71522449739706],[-9.1380658189733417,38.715212642604307],[-9.1381027093901857,38.715214993635115],[-9.1381338498852962,38.715228671958478],[-9.1381434374574813,38.715232845767524],[-9.1381839567007344,38.715236442896312],[-9.1383243807392027,38.715207592216487],[-9.1383935472356104,38.71519338748881],[-9.138404161068939,38.715156817881365],[-9.1384131539474769,38.71511574835813],[-9.1384176340886665,38.715095445689414],[-9.1384226769084655,38.715075585874189],[-9.1388100234732814,38.715080130125408],[-9.1388387511860572,38.715082273697163],[-9.1389005042185687,38.715078264515434],[-9.1389811893489483,38.715074200514117],[-9.1390232469426138,38.715072058703448],[-9.1390051766683733,38.715161734566109],[-9.1390022569434546,38.715192129780178],[-9.1389988975168919,38.715227083165075],[-9.1389884562244212,38.715336806196632],[-9.1390202907649698,38.715417782543533],[-9.1390903420078704,38.715477350693781],[-9.1391271062886901,38.715515390833851],[-9.1391629028325312,38.715534098455102],[-9.1392189136239956,38.715568744518535],[-9.1392418576724523,38.715590444341139],[-9.1392529671794982,38.715603770485849],[-9.1393976043771925,38.715775653641799],[-9.1394519265048597,38.715869497740947],[-9.1395062196768873,38.715936753484044],[-9.139688922419511,38.716082994624273],[-9.1398056602249955,38.716184059647915],[-9.1398718895549624,38.716159271649289],[-9.139926389825348,38.71613741399792],[-9.1399915481441258,38.716111279468116],[-9.1400491697074138,38.716068428123407],[-9.1401025309472743,38.716028744586524],[-9.1402331282818405,38.716118325457451],[-9.1402797865457739,38.716150337493914],[-9.1404335695603809,38.716161629939073],[-9.1411504473441099,38.716898778108259],[-9.1417799050158628,38.716454729102438],[-9.1420683483997767,38.716354136213639],[-9.142385147660395,38.716243653988911],[-9.1425780454401924,38.716176346340006],[-9.1425957877460657,38.716170156060755],[-9.1426339979550448,38.716156842162782],[-9.1426407114710191,38.716152922512372],[-9.14300553770566,38.715940052842818],[-9.1430915736249894,38.715871141565984],[-9.1431027846823696,38.715856501486705],[-9.1431418290564626,38.715805017414667],[-9.1431943202091386,38.715662239349172],[-9.1432996830314153,38.715396407120231],[-9.1433390176876479,38.715306438787934],[-9.1434159676277442,38.71513057048729],[-9.1434358963317113,38.715058713521842],[-9.1434056074314736,38.715031844414597],[-9.143256685421953,38.714899186659316],[-9.142378820337477,38.714088239568007],[-9.1420638087698318,38.713860452956354],[-9.1417810460776341,38.713930635731302],[-9.1416431641696807,38.713487470588767],[-9.1416715082002415,38.713483622928166],[-9.1416988201233931,38.713479963421356],[-9.1417596834864518,38.713474934411799],[-9.1418143442770745,38.713478425399025],[-9.1418916026837369,38.713486404584145],[-9.1419312115819853,38.713490566762616],[-9.1419772581275875,38.713494672476102],[-9.1420288868321595,38.713487019745273],[-9.1420655468087322,38.713477695493289],[-9.1420917454219168,38.713460353512062],[-9.1420948173617944,38.713449877850451],[-9.1420972274103498,38.713441389636394],[-9.142094483921591,38.713409886604069],[-9.1423532800715162,38.713270820360648],[-9.1427653281917021,38.713049987947734],[-9.1428307170405674,38.713039693824847],[-9.1431776182798199,38.712985077646678],[-9.1432849914586871,38.712968114124315],[-9.1432770608457279,38.712943861347505],[-9.1432375389716363,38.712823498910574],[-9.1432289072409301,38.712798441477304],[-9.1430753351698257,38.712351811276015],[-9.1429583879876972,38.711966746897787],[-9.1429200468533587,38.711538486232392],[-9.1429237122346869,38.71125200544202],[-9.1429297198595521,38.710878849390483],[-9.1429451714867991,38.71057208909108],[-9.142945521054255,38.710564249205582],[-9.1427010394088022,38.710543484134242],[-9.1423595243214404,38.710514460028008],[-9.1423358122702698,38.710512412738346],[-9.142643666563524,38.707964406840539],[-9.1426461379210213,38.707944027656104],[-9.1420280798087887,38.707958919078337],[-9.1415881059813913,38.707982538525847],[-9.1412640914765291,38.707987138908337],[-9.1412624401160123,38.707967786168517],[-9.1412584286938756,38.707919629408146],[-9.1412545869308683,38.707891738052439],[-9.1412514772417222,38.707834115223733],[-9.1412471867536222,38.707790644073953],[-9.1412450515735149,38.70776958400441],[-9.1412340638199066,38.707658612269093],[-9.1412356382711621,38.707615270705887],[-9.141236573956256,38.707591933083819],[-9.1412362956741386,38.70757211810821],[-9.1412309746297726,38.707537123265581],[-9.1410113273944109,38.707597480882264],[-9.1408395514886411,38.707644904518311],[-9.1408189644918227,38.707614887481036],[-9.1408087982051072,38.707594977568057],[-9.1407901037233561,38.707544992620903],[-9.1407815030818931,38.707515489312016],[-9.1407559640768046,38.707444723574945],[-9.1407364615632236,38.707382704723692],[-9.1410256149844145,38.707313700808015],[-9.1410611339648131,38.707305286601191],[-9.1411925053969512,38.70727046355691],[-9.1413109356164046,38.707239174058202],[-9.1417719406548255,38.707117369210579],[-9.1419688250643159,38.707065313691281],[-9.1417993871559009,38.706568103717693],[-9.1417738430348727,38.70649292887267],[-9.1416855881487002,38.706233995168539],[-9.1414374297647889,38.705473312324209],[-9.1385523494539083,38.696628391795706],[-9.1357586546479173,38.697657697279894],[-9.1336159334134557,38.699427569199251],[-9.1301164645498396,38.701049919374732],[-9.127635624383835,38.702875715643728],[-9.1158480054577851,38.707699451628699],[-9.1221441802199603,38.712782854862922],[-9.1221718477048555,38.712805191008371],[-9.1222186423816538,38.712838663943344],[-9.1222715024654235,38.712870013725968],[-9.1224646299342194,38.712984938257428],[-9.1225582895708879,38.713040263082512],[-9.1228036478291941,38.713182489342884],[-9.1229886710238546,38.713268205921395],[-9.1229980733446645,38.71327470208238],[-9.1230471740924166,38.713308605549948],[-9.1235465502758242,38.713653692644606],[-9.12361178738891,38.713698719045496],[-9.1236338434213238,38.713714024871152],[-9.1236222913164813,38.713477216790096],[-9.1236216413025435,38.7134634411115],[-9.1236245870523511,38.713185883663755],[-9.1236429120639411,38.713197438681881],[-9.1243603752451534,38.713649306067886],[-9.1246776617884571,38.713422496338652],[-9.124898207907524,38.713657258657719],[-9.1249104605178442,38.713645444450428],[-9.1249583372139007,38.713599097115605],[-9.1250014602790213,38.713558195730243],[-9.1251004637512416,38.713484390878229],[-9.1252064516898255,38.713416832204352],[-9.1254450292774045,38.713293198154062],[-9.1257037617191941,38.71313065854374],[-9.1258427873703294,38.713041198946925],[-9.1259692016351543,38.713120293990364],[-9.1260336039582111,38.713038675072511],[-9.1261436988208882,38.713101694302679],[-9.1261607805179352,38.713089838948278],[-9.1262109745381697,38.713061487216208],[-9.1262566959993272,38.713042182254497],[-9.1262865465158498,38.713039225413453],[-9.126324607287458,38.713047909986784],[-9.1263534714167971,38.713056671776258],[-9.1264008534876719,38.713074284133953],[-9.1264251317938871,38.713083986556313],[-9.1264760759892312,38.713109675727956],[-9.1265467404781173,38.713139790441915],[-9.126631176078396,38.713176364756343],[-9.1267237386324798,38.713218634095952],[-9.1267615767719068,38.713236057178392],[-9.1270063324037576,38.713491778299492],[-9.1270908494105267,38.713592126596943],[-9.1272105494255058,38.713734061503636],[-9.1274836408545124,38.713612200757993],[-9.1275015808194393,38.713604211305196],[-9.1275186310612924,38.713598391312402],[-9.1278707405344583,38.713479009422535],[-9.127888363011806,38.713473004349204],[-9.1282194102962677,38.713964622478485],[-9.1282391329975709,38.713993909528114],[-9.1282953347314439,38.713959381302331],[-9.1283736288059476,38.713901333634148],[-9.1285918998271143,38.713739763551288],[-9.128701487899102,38.713434994060307],[-9.1287776297891305,38.713172486992825],[-9.1288193072506285,38.713085656243969],[-9.1289911867466351,38.712870434010739],[-9.1290214681151465,38.712824054737276],[-9.1290727628835615,38.712817042022266],[-9.1292032921744468,38.712827998799042],[-9.1292620706121514,38.712838396661425],[-9.1293314538025783,38.71285068496973],[-9.1294796833462755,38.712919140254229],[-9.1302269059087156,38.713268208917313],[-9.1303492985455481,38.713247976403629],[-9.1304344014775864,38.713191941099026],[-9.1304797164092069,38.713143542454944],[-9.1305945103736104,38.713015280656222],[-9.1305904902853623,38.713164214573339],[-9.1305731345342362,38.713238857943189],[-9.1305839614490747,38.713331095602598],[-9.1306009299219522,38.7134763373653],[-9.1306730496412065,38.714015470594859],[-9.130718905658604,38.714104976308604],[-9.1307274481729284,38.714124000152694],[-9.1308089643539336,38.714305711710736],[-9.1309588288845003,38.714499541009715],[-9.1310516583410539,38.714469831544882],[-9.1310691360311811,38.714469952596588],[-9.1310766096890958,38.714469978881482],[-9.1311035153460036,38.714470108629818],[-9.1311552574033001,38.714470387573783],[-9.1312033212909292,38.714487271518578],[-9.1312078689033456,38.714500113983313],[-9.1312272542382118,38.714562912763036],[-9.1312523817473501,38.714600440414493],[-9.1314015106827107,38.714823910474514],[-9.1314094531942285,38.714832760469555],[-9.1315868598035195,38.715022749696814],[-9.1316775715877316,38.715121510365741],[-9.1317567233304437,38.715207578498251],[-9.131826746223858,38.715273817116149],[-9.1318847702851063,38.715328809152751],[-9.1319015528654006,38.715345059242686],[-9.1319827903694772,38.71542399406421],[-9.1319992778797445,38.715435562556998],[-9.1322569341959809,38.715616757061525],[-9.1322735141576388,38.71565147500489],[-9.1323057292601675,38.715719028202365],[-9.1323287090099257,38.715767384336182],[-9.1323564239684867,38.715825517693787],[-9.1324815490950719,38.716470667931311],[-9.1325038114843107,38.716681890996121],[-9.1325534613279746,38.716886484324107],[-9.1326336317128032,38.717037128777335],[-9.1329047613429708,38.717285224369135],[-9.1329225228402873,38.717297413283561],[-9.1333852292442348,38.71761295613689],[-9.1334096456116054,38.71763238442648],[-9.1334470849754741,38.717662239609417],[-9.1334980121583538,38.717702788832867],[-9.1336327711871323,38.717810177985179],[-9.1336710241793835,38.717840566604792],[-9.133896861681075,38.718039504970804],[-9.1340398605183726,38.718160515093857],[-9.1340535218578989,38.718183638478315],[-9.1340588209510187,38.718192600094937],[-9.1340621178938157,38.71819815675709],[-9.1340690654736765,38.718209897604908],[-9.1341083975327386,38.718276398461953],[-9.134111133473974,38.718282950793423],[-9.1342160627475586,38.718534629846424],[-9.1342535035382308,38.718819587162542],[-9.1342665934281477,38.71886766635307],[-9.1342845496982932,38.718934890662929],[-9.134285997829469,38.718941190987465]]]},"properties":{"OBJECTID":27,"NOME":"Santa Maria Maior"}},{"type":"Feature","id":28,"geometry":{"type":"Polygon","coordinates":[[[-9.1933828389573105,38.700582684547058],[-9.1936660212923496,38.700429412759867],[-9.1936822995531617,38.700420624754614],[-9.1939611076113366,38.700710178549087],[-9.1942899084572769,38.70110257574072],[-9.1943289351292279,38.701091801228912],[-9.194675038739021,38.700996394498908],[-9.1962655516116047,38.700557742771934],[-9.1967503311178174,38.70158274003451],[-9.1969024682438754,38.701873117328212],[-9.1982766775050884,38.701955168404233],[-9.1984370541704248,38.701971887860765],[-9.1985111984729837,38.701979601316587],[-9.1986804937812341,38.702039494063321],[-9.1991456251906634,38.702204049986094],[-9.1996076702370164,38.702356400409123],[-9.1996127091990392,38.702291123062899],[-9.1997886835724572,38.701132204708486],[-9.1998035239097931,38.701034485257175],[-9.1998299709020053,38.700860324513158],[-9.1999721504612033,38.700891168288656],[-9.2004631841477291,38.700997665662342],[-9.2007887685226972,38.701085487020755],[-9.2008628087050592,38.701110206798752],[-9.2008953926087962,38.701121083501327],[-9.2010059562181983,38.701157995083932],[-9.2010316912536343,38.701180922874059],[-9.2011111552888991,38.701251794318345],[-9.2017667655352415,38.701440544281127],[-9.2018404323675842,38.701461758282214],[-9.2019191857855436,38.701485282198433],[-9.2025437378724373,38.701671956116805],[-9.2024536342956083,38.701993090078744],[-9.2024645396293305,38.702101817992961],[-9.2024738161525246,38.702193878230638],[-9.2024546588329041,38.702436202023165],[-9.2024311656761402,38.70273311619632],[-9.2024168991121016,38.703328136958682],[-9.2024077839651177,38.703708695439879],[-9.2023783183066374,38.70424410143675],[-9.2023618475174072,38.70454404999596],[-9.2023532637389174,38.704702049858675],[-9.202344794228468,38.704857303975921],[-9.2023156504461152,38.705392759162102],[-9.2023141564528448,38.70541610048614],[-9.2022932832474709,38.705742895736044],[-9.2023220877000096,38.705932246022478],[-9.2023271081648979,38.705954178393291],[-9.2023405459987799,38.706013237157421],[-9.2024714981546847,38.706877132882319],[-9.2024748058954646,38.706898916063764],[-9.2025132117163544,38.70717507546896],[-9.2025143053830138,38.707182663595511],[-9.2025642821906608,38.707541987587675],[-9.202567440694164,38.707552978011122],[-9.2027449760182556,38.707504872503662],[-9.203149799554188,38.707395193502578],[-9.2043644820314761,38.707066140767033],[-9.2043740674913543,38.707063520832151],[-9.2043846449246409,38.707060660305508],[-9.2047111838677704,38.707733068122344],[-9.2047292706903576,38.70776632150023],[-9.2047452951985349,38.707800043269636],[-9.2047594875053615,38.707834323202377],[-9.2047688444351223,38.707860359324101],[-9.2047797127188957,38.707895300271488],[-9.2047865489136527,38.707921900868612],[-9.2047938619144123,38.707957413972657],[-9.2048141322301138,38.708013707435875],[-9.2048246244920513,38.708077205830776],[-9.2048350267265366,38.708133595147714],[-9.2048263009572526,38.708189337381995],[-9.2048178787415296,38.708264179794554],[-9.2047994682706573,38.708309207675924],[-9.2047670274869802,38.708369317197374],[-9.2047249310402641,38.708429515209183],[-9.2046764538707482,38.708462748116261],[-9.2046595624431795,38.708486324254878],[-9.2046397037646823,38.708511361636091],[-9.2046353029065671,38.708516903067007],[-9.2046046707998634,38.708551864046839],[-9.2047358478935788,38.708869362452006],[-9.2053529296575594,38.71036329823437],[-9.2054042404499334,38.710365534509556],[-9.2057981428948246,38.710382727515466],[-9.2060548335021792,38.71038035141693],[-9.20634770185716,38.710390359951028],[-9.2063932268644546,38.710418688802697],[-9.2064028009505332,38.710424663197465],[-9.2067499496895326,38.710643940968964],[-9.2071598050640446,38.710872218798102],[-9.2074528072972939,38.711047329123609],[-9.2075062918105601,38.711087371166414],[-9.2075219688588223,38.711105422959456],[-9.2075325248599409,38.711119378200195],[-9.2075356796313805,38.711131132378163],[-9.2075406848403354,38.711149838924939],[-9.2075399043988249,38.711182184280972],[-9.20752884143862,38.711218767742025],[-9.2074968477644976,38.711308599785049],[-9.2075469975262543,38.711325234924857],[-9.207651326341967,38.711359783253329],[-9.2077984856682988,38.711404631015036],[-9.2078703049262742,38.711426496758314],[-9.2078889744227705,38.711429477882113],[-9.2079726267930511,38.711441859411678],[-9.2080681246757088,38.711454491383208],[-9.2080995741309764,38.711458705245853],[-9.2081460744811281,38.711462331216076],[-9.2082051627304899,38.711461967139925],[-9.20833137935041,38.711460804642527],[-9.2085140146580411,38.711457590838911],[-9.2087472303468427,38.711454000591104],[-9.2090184615060071,38.711455554835737],[-9.2092105402269091,38.711461080732946],[-9.2092910906223118,38.711465922374302],[-9.2093556572508337,38.711470551684428],[-9.2094741948463703,38.711478646646839],[-9.2095283982292226,38.711482201149337],[-9.2096226644801131,38.71148934840059],[-9.2096729691380954,38.71149365846113],[-9.2097630593103617,38.711498322755688],[-9.2098274921236989,38.711501691938309],[-9.2099246892851685,38.711505028657264],[-9.2100184147176627,38.711506776761624],[-9.2100843029382826,38.711507610199149],[-9.2100472458799985,38.71161982812513],[-9.2100069231387032,38.711797834310495],[-9.2099864556707054,38.711920078274069],[-9.2099609859636029,38.712015435741414],[-9.20994966805568,38.712058400226049],[-9.2099343379733405,38.712116478097734],[-9.2098899592854355,38.712354149934519],[-9.2098886892727467,38.712360920219211],[-9.209903569613207,38.712363053148032],[-9.2099209506689146,38.712365577403723],[-9.2099173517815451,38.71237858185053],[-9.2099092474047417,38.712428379810497],[-9.2098973422813408,38.712500641413449],[-9.2098836096272816,38.712564814585164],[-9.2098753221490917,38.712603713832166],[-9.2098667972842634,38.712640814596092],[-9.2098609813818335,38.712680232450488],[-9.2098536053425892,38.712703558642602],[-9.2098471945232099,38.712722711617239],[-9.209830508945906,38.712772221078886],[-9.2097475404663935,38.712875753871508],[-9.2097182195715206,38.712912314691302],[-9.2097038628018559,38.712930222980312],[-9.2096679470230463,38.712975053366478],[-9.2095319637125783,38.713134380537433],[-9.2094444672346771,38.713229200977196],[-9.2093071435015954,38.713378021763134],[-9.209278072239405,38.713409483534463],[-9.2092202765938787,38.713472159749848],[-9.2092063380895226,38.713487231159817],[-9.2091784774937775,38.713471849070118],[-9.2089993071640279,38.713372924509436],[-9.2089793387553271,38.713396226903889],[-9.2089066162999931,38.713478473853165],[-9.2088667350000826,38.713471725522886],[-9.2087394886507425,38.713620894303169],[-9.2087344851071684,38.713626726076534],[-9.2087277854749647,38.713634535362864],[-9.2087091235629313,38.713625503737184],[-9.2086568441064465,38.713600451054639],[-9.2086273791300393,38.713586179847916],[-9.2084830206462627,38.71351604850711],[-9.2084372873210736,38.713567079741146],[-9.2083865061048424,38.713621986619437],[-9.2078543074414494,38.713340601773133],[-9.2078172079938057,38.713321143561295],[-9.2077947414257544,38.713312158471965],[-9.2076313072213658,38.713246870181351],[-9.207599235170516,38.713229919418644],[-9.2075282967381469,38.713260478308904],[-9.2071219440259053,38.713625880608561],[-9.2070349371186015,38.713665237046655],[-9.2070269566881393,38.71366883242024],[-9.2069705245052162,38.71369438177598],[-9.2068657917992098,38.713848207779435],[-9.2068877593563965,38.713857110253301],[-9.2069626509851847,38.713884535883693],[-9.2070384883933336,38.713919611249445],[-9.2071127305949805,38.713953262666408],[-9.2071492010346532,38.713972780924699],[-9.206594145914881,38.714767395740658],[-9.2065518941936215,38.714827883134213],[-9.2065286842697969,38.714861000095802],[-9.206386037605192,38.714798738636212],[-9.206334649427232,38.714778318480988],[-9.206250640033522,38.714743304165864],[-9.2062194752503039,38.714787280980488],[-9.2062015575526637,38.714812563820416],[-9.2059080273376086,38.715257634769976],[-9.2058628124661777,38.715309394379133],[-9.2058309348326528,38.715330404920941],[-9.205636948762157,38.715428571326242],[-9.2063873183894387,38.716076630221735],[-9.2066376568718571,38.716294027677684],[-9.2067517414636804,38.716402048815972],[-9.2068375604885411,38.716483244655684],[-9.2072182436526848,38.716874373255067],[-9.2079043886179051,38.7175466135945],[-9.2084558789550019,38.718125058408802],[-9.208932332029617,38.71872121677108],[-9.209260145675902,38.719272898740549],[-9.2094311740445338,38.719641447300575],[-9.2096416954733584,38.719578586224792],[-9.2110213997222452,38.719165214589211],[-9.2112293772531988,38.719103040698016],[-9.2113494559580875,38.719067152220418],[-9.2157869636133309,38.717749676832256],[-9.2162742177478059,38.717611368258709],[-9.2165036465562427,38.71754620734783],[-9.2166644008062129,38.717508066455657],[-9.2167486769848992,38.717488096835829],[-9.2170998493773784,38.717404834586127],[-9.2177479219371108,38.717249465825624],[-9.2180032691723799,38.717187299833746],[-9.2181539035133255,38.71715066053482],[-9.2183873578827189,38.717100929532464],[-9.2198844137173097,38.716863033925293],[-9.2199110635249522,38.716830041812408],[-9.2199660119608531,38.716762016378055],[-9.2200947303592269,38.716614440566154],[-9.2205371031861922,38.716072922017311],[-9.2208020201185157,38.715770675983578],[-9.2209984590684773,38.715540229371953],[-9.2213963144531164,38.715058296056746],[-9.2215412656744462,38.714874628071193],[-9.221781685015026,38.714610444383787],[-9.2219856068188353,38.714365964275608],[-9.2221863576263488,38.714116646413807],[-9.222284005752778,38.7140055727074],[-9.2223385447772728,38.713925252464094],[-9.222440217614956,38.713761084068629],[-9.2225178558688778,38.713612184432151],[-9.2225788799099568,38.713436590804818],[-9.2226177573993393,38.713293905580798],[-9.2226790856820156,38.713001844920846],[-9.222727438585606,38.712809708392619],[-9.2227577771809006,38.712687731542374],[-9.2228308147534221,38.712387536563362],[-9.2228835764506147,38.712197704503509],[-9.2229493432265173,38.711903165666932],[-9.2229904795759055,38.711720283368628],[-9.2230535804331257,38.711454504316457],[-9.2230946523169717,38.711267031275419],[-9.2231098352152383,38.71120716684333],[-9.2231957887417053,38.710894249192961],[-9.2232461460398572,38.710743348720818],[-9.2232616782793659,38.710646096665435],[-9.2232933045022527,38.710465195452507],[-9.2233170965713995,38.710298510490254],[-9.2233270277839132,38.710180236802003],[-9.223330988726179,38.710077778002209],[-9.2233193771762707,38.709987178208713],[-9.2233042225420334,38.70985995223463],[-9.2232693045514456,38.7096730984616],[-9.2232397686120748,38.709477183943989],[-9.2231866418893063,38.709158621479631],[-9.2231479588131826,38.708928116508339],[-9.2231010021089119,38.708766053680542],[-9.2230767242672016,38.708681426122723],[-9.2230132595576073,38.708544830090517],[-9.2229365925315427,38.708417005515194],[-9.2228734333135893,38.708308600204759],[-9.2227153225480425,38.708018405190884],[-9.2225770137918257,38.707783327293363],[-9.2224365878507868,38.707506929234846],[-9.222280134150985,38.707235090540969],[-9.222198681309969,38.707079655931722],[-9.2221891431302669,38.707049659469881],[-9.2221617318765929,38.706962901695483],[-9.2221339474677926,38.706866773822604],[-9.2221427083460981,38.706811513749187],[-9.2221512520188362,38.706757623089132],[-9.222189379223142,38.706664303355353],[-9.2222435851749651,38.706569576335809],[-9.2223389268203153,38.706481492195486],[-9.2224621254724344,38.706403415578457],[-9.2226263093506056,38.706321625814859],[-9.2228748579614983,38.70620103459747],[-9.223054990964382,38.706109817493186],[-9.2233690806915298,38.70596005934582],[-9.2237003644615854,38.705791671187313],[-9.2239050914098399,38.705685359520523],[-9.2241402103538963,38.705551199884283],[-9.2244621453651376,38.70535074329716],[-9.224587022409013,38.705277331061303],[-9.2251338202881552,38.704941724646311],[-9.2252991802563731,38.704839202105958],[-9.2255314652323381,38.704708399057402],[-9.2256908423208603,38.704605839984197],[-9.2258254594796973,38.704500181895895],[-9.2259422391203358,38.704378561824015],[-9.2260696152582629,38.70419027998269],[-9.226118163475844,38.704011922034248],[-9.2261423146854717,38.703869374043826],[-9.2262051719273632,38.703483069389137],[-9.226269358627107,38.703184042823779],[-9.226338615928924,38.70283325923382],[-9.2263801152472649,38.70257687348726],[-9.2264564153397135,38.70219827886168],[-9.2265812117387274,38.701554585340993],[-9.2266285035666993,38.701293548581475],[-9.2267057030982667,38.700891078106693],[-9.2267340098583173,38.700734709049073],[-9.2268110433732478,38.700313866706416],[-9.2268542721357125,38.700080426446334],[-9.2269541433953126,38.699536503195027],[-9.2269865876492272,38.699365141399433],[-9.2270131826255213,38.69928481365649],[-9.2270593526285669,38.699146649786428],[-9.2271335281137787,38.699020837564838],[-9.227235800208879,38.6989131384125],[-9.2273125511769436,38.698858461336279],[-9.2273933548258871,38.698775104902488],[-9.2274320739506166,38.69872880156565],[-9.227457394395854,38.698663168451212],[-9.2274470734875234,38.698566793608499],[-9.2274018233025092,38.698478849133032],[-9.2273464821401685,38.698400190690393],[-9.2272797690198392,38.698344515890611],[-9.227164413929609,38.69826515603787],[-9.2272483025148677,38.697999633762066],[-9.2272117043750566,38.697981508313191],[-9.2269036028687399,38.697835493676095],[-9.2265905713714016,38.697674755937626],[-9.226407151458389,38.697578918699449],[-9.2267912178996205,38.697241944305723],[-9.2272378919246787,38.696808151870293],[-9.2272798843125834,38.69682985520582],[-9.2273821619839147,38.69688114006042],[-9.2274450873950169,38.696914782818936],[-9.2276680645449218,38.697011778587431],[-9.2279134900475857,38.697110817507962],[-9.2280514832559177,38.697160145941844],[-9.2283898787938821,38.697280287887658],[-9.2286845026975399,38.697367484687341],[-9.2294912260539004,38.695938333631311],[-9.22956941729365,38.695805006561223],[-9.229697209741623,38.695562848827159],[-9.2298355643394743,38.695327527033079],[-9.2297011047462245,38.695253750834382],[-9.2296643254171968,38.695231309472284],[-9.2296289609463873,38.695211195072439],[-9.2296079779447382,38.695199580735547],[-9.2299886774393638,38.69479199679099],[-9.2300304503811734,38.694747885274609],[-9.2304483125046257,38.694074846250082],[-9.2379429481621926,38.682583753580502],[-9.2296004482569103,38.68003264990994],[-9.2217542669355463,38.680601496672381],[-9.2077842028774572,38.681465139823615],[-9.2026088800632699,38.684060346394652],[-9.195774218009662,38.688952843657553],[-9.1891641670012429,38.690764393313572],[-9.1859368512123076,38.69156614379748],[-9.1874977414370154,38.69671424684487],[-9.1875324226478821,38.696828620697829],[-9.187669490601321,38.697285611167871],[-9.1880625844673638,38.69848739656662],[-9.1880740149601934,38.698522062960819],[-9.1889585414407957,38.698319768246556],[-9.1889852345308167,38.698313671182234],[-9.1892428814691858,38.698254772100832],[-9.1903333548629487,38.698050422878019],[-9.1911803363009756,38.697929701047855],[-9.192048701927872,38.699015738024848],[-9.1925301893624951,38.699620568455622],[-9.1926595189288225,38.699769193978916],[-9.1933675433400204,38.70056554253749],[-9.1933828389573105,38.700582684547058]]]},"properties":{"OBJECTID":28,"NOME":"Belém"}},{"type":"Feature","id":29,"geometry":{"type":"Polygon","coordinates":[[[-9.1154736936978562,38.718849757641955],[-9.1154882802670691,38.718859506828288],[-9.1162405902983288,38.719336623131269],[-9.1171889373985664,38.719938101375895],[-9.1190513173666101,38.721033859628427],[-9.1192064209938817,38.721125059805715],[-9.1193005142305381,38.72118614852053],[-9.1197679578032709,38.721489184316994],[-9.1211009342760647,38.722353469370688],[-9.1212762108913079,38.722506199398801],[-9.1213638517737454,38.722616163709063],[-9.1215262625433233,38.722819806590039],[-9.1216641570511001,38.722796659603901],[-9.1223470906513562,38.722840416257185],[-9.1229326826400339,38.722862924704465],[-9.1233411020593493,38.722878647394886],[-9.1239346327354287,38.722901443891338],[-9.1252851693805788,38.723043913869155],[-9.1253429785056799,38.723050088168392],[-9.1256644895176819,38.723083926441802],[-9.1264660872261594,38.723168536320351],[-9.127155690913515,38.723642781347507],[-9.1274567291353765,38.723849829256913],[-9.1275763755908699,38.723630460484848],[-9.12775239081801,38.723454388518],[-9.1278298578921575,38.72341877791682],[-9.127869536853451,38.723402856658012],[-9.1279185936360019,38.723383161453611],[-9.1280813407992731,38.72330331599732],[-9.1281180027265059,38.723285348518985],[-9.1281477936996023,38.723277797674506],[-9.1282957208359683,38.723240234947262],[-9.1284405809548463,38.723230262264757],[-9.1286747873220779,38.723237002062028],[-9.1287035959173881,38.722935354793648],[-9.1287101106463027,38.722866298934179],[-9.1287518621924537,38.722428703437515],[-9.1287784497722715,38.722430637992126],[-9.1291009552525573,38.722453288576965],[-9.1291511835819517,38.7222616241921],[-9.1293276343024878,38.721819725298737],[-9.1293566329012759,38.721746964723017],[-9.1296632283857129,38.721394934009361],[-9.1300217906701384,38.721430965798092],[-9.1300687616816116,38.721443355546207],[-9.1301216187743499,38.721457316497094],[-9.1304643572574857,38.721620312869447],[-9.1305066436497473,38.721643101470853],[-9.1305227473952311,38.721651790905746],[-9.1305785934225288,38.721690497826309],[-9.1305932988846426,38.721706046073464],[-9.1306117461491407,38.721726155511845],[-9.1306494208506148,38.721781051472448],[-9.1306636242230592,38.72180191864544],[-9.1306800559004202,38.721825919561553],[-9.1310778264520476,38.722406315652059],[-9.1316135227477542,38.723188297039194],[-9.1317043544647145,38.723316225796069],[-9.1323851574704769,38.72288857850203],[-9.1321077222526892,38.722700888712573],[-9.1316630955308753,38.72239752667123],[-9.1315806000007242,38.722336078690624],[-9.1315351453532845,38.722292329177911],[-9.1315071007161173,38.72226014031078],[-9.1314776169761451,38.722207246499146],[-9.1314586311910322,38.722165072489162],[-9.1314499553272057,38.722120107168394],[-9.1314420281607482,38.722046311131535],[-9.1314479090335663,38.721973297066931],[-9.131576951049226,38.721579452265836],[-9.1317968084290779,38.720854243132074],[-9.1318465983258683,38.720714195596429],[-9.1318801854813145,38.72064905189729],[-9.131930853906999,38.72057205200484],[-9.1319865484739147,38.720525635051189],[-9.1320777319378372,38.720468105368575],[-9.1323800374849586,38.720296170904504],[-9.1327314634163965,38.720101295060317],[-9.1328467139084264,38.720038153362573],[-9.1329482056007993,38.719977832487089],[-9.133014170925474,38.719925922475419],[-9.1330527375412487,38.719868688009406],[-9.1330852044704844,38.719825327401509],[-9.1333188799380984,38.7195147174223],[-9.1333841229754196,38.71939471377182],[-9.1333997421064677,38.719187941054926],[-9.1333939077196238,38.71903368680092],[-9.1333830591802858,38.718963984722897],[-9.1333810189901392,38.718950756983766],[-9.1333792768958588,38.718939694892114],[-9.1333776283867909,38.718928995017542],[-9.1336203070482949,38.718711960565969],[-9.1336311796501963,38.718723673253542],[-9.1337343450118098,38.718834835802035],[-9.1338396327416245,38.718948270794037],[-9.1338505084685711,38.718960037480976],[-9.1338602232608732,38.718970511564265],[-9.1338712430821314,38.718969773170372],[-9.1342770528161292,38.71894180355806],[-9.134285997829469,38.718941190987465],[-9.1342845496982932,38.718934890662929],[-9.1342665934281477,38.71886766635307],[-9.1342535035382308,38.718819587162542],[-9.1342160627475586,38.718534629846424],[-9.134111133473974,38.718282950793423],[-9.1341083975327386,38.718276398461953],[-9.1340690654736765,38.718209897604908],[-9.1340621178938157,38.71819815675709],[-9.1340588209510187,38.718192600094937],[-9.1340535218578989,38.718183638478315],[-9.1340398605183726,38.718160515093857],[-9.133896861681075,38.718039504970804],[-9.1336710241793835,38.717840566604792],[-9.1336327711871323,38.717810177985179],[-9.1334980121583538,38.717702788832867],[-9.1334470849754741,38.717662239609417],[-9.1334096456116054,38.71763238442648],[-9.1333852292442348,38.71761295613689],[-9.1329225228402873,38.717297413283561],[-9.1329047613429708,38.717285224369135],[-9.1326336317128032,38.717037128777335],[-9.1325534613279746,38.716886484324107],[-9.1325038114843107,38.716681890996121],[-9.1324815490950719,38.716470667931311],[-9.1323564239684867,38.715825517693787],[-9.1323287090099257,38.715767384336182],[-9.1323057292601675,38.715719028202365],[-9.1322735141576388,38.71565147500489],[-9.1322569341959809,38.715616757061525],[-9.1319992778797445,38.715435562556998],[-9.1319827903694772,38.71542399406421],[-9.1319015528654006,38.715345059242686],[-9.1318847702851063,38.715328809152751],[-9.131826746223858,38.715273817116149],[-9.1317567233304437,38.715207578498251],[-9.1316775715877316,38.715121510365741],[-9.1315868598035195,38.715022749696814],[-9.1314094531942285,38.714832760469555],[-9.1314015106827107,38.714823910474514],[-9.1312523817473501,38.714600440414493],[-9.1312272542382118,38.714562912763036],[-9.1312078689033456,38.714500113983313],[-9.1312033212909292,38.714487271518578],[-9.1311552574033001,38.714470387573783],[-9.1311035153460036,38.714470108629818],[-9.1310766096890958,38.714469978881482],[-9.1310691360311811,38.714469952596588],[-9.1310516583410539,38.714469831544882],[-9.1309588288845003,38.714499541009715],[-9.1308089643539336,38.714305711710736],[-9.1307274481729284,38.714124000152694],[-9.130718905658604,38.714104976308604],[-9.1306730496412065,38.714015470594859],[-9.1306009299219522,38.7134763373653],[-9.1305839614490747,38.713331095602598],[-9.1305731345342362,38.713238857943189],[-9.1305904902853623,38.713164214573339],[-9.1305945103736104,38.713015280656222],[-9.1304797164092069,38.713143542454944],[-9.1304344014775864,38.713191941099026],[-9.1303492985455481,38.713247976403629],[-9.1302269059087156,38.713268208917313],[-9.1294796833462755,38.712919140254229],[-9.1293314538025783,38.71285068496973],[-9.1292620706121514,38.712838396661425],[-9.1292032921744468,38.712827998799042],[-9.1290727628835615,38.712817042022266],[-9.1290214681151465,38.712824054737276],[-9.1289911867466351,38.712870434010739],[-9.1288193072506285,38.713085656243969],[-9.1287776297891305,38.713172486992825],[-9.128701487899102,38.713434994060307],[-9.1285918998271143,38.713739763551288],[-9.1283736288059476,38.713901333634148],[-9.1282953347314439,38.713959381302331],[-9.1282391329975709,38.713993909528114],[-9.1282194102962677,38.713964622478485],[-9.127888363011806,38.713473004349204],[-9.1278707405344583,38.713479009422535],[-9.1275186310612924,38.713598391312402],[-9.1275015808194393,38.713604211305196],[-9.1274836408545124,38.713612200757993],[-9.1272105494255058,38.713734061503636],[-9.1270908494105267,38.713592126596943],[-9.1270063324037576,38.713491778299492],[-9.1267615767719068,38.713236057178392],[-9.1267237386324798,38.713218634095952],[-9.126631176078396,38.713176364756343],[-9.1265467404781173,38.713139790441915],[-9.1264760759892312,38.713109675727956],[-9.1264251317938871,38.713083986556313],[-9.1264008534876719,38.713074284133953],[-9.1263534714167971,38.713056671776258],[-9.126324607287458,38.713047909986784],[-9.1262865465158498,38.713039225413453],[-9.1262566959993272,38.713042182254497],[-9.1262109745381697,38.713061487216208],[-9.1261607805179352,38.713089838948278],[-9.1261436988208882,38.713101694302679],[-9.1260336039582111,38.713038675072511],[-9.1259692016351543,38.713120293990364],[-9.1258427873703294,38.713041198946925],[-9.1257037617191941,38.71313065854374],[-9.1254450292774045,38.713293198154062],[-9.1252064516898255,38.713416832204352],[-9.1251004637512416,38.713484390878229],[-9.1250014602790213,38.713558195730243],[-9.1249583372139007,38.713599097115605],[-9.1249104605178442,38.713645444450428],[-9.124898207907524,38.713657258657719],[-9.1246776617884571,38.713422496338652],[-9.1243603752451534,38.713649306067886],[-9.1236429120639411,38.713197438681881],[-9.1236245870523511,38.713185883663755],[-9.1236216413025435,38.7134634411115],[-9.1236222913164813,38.713477216790096],[-9.1236338434213238,38.713714024871152],[-9.12361178738891,38.713698719045496],[-9.1235465502758242,38.713653692644606],[-9.1230471740924166,38.713308605549948],[-9.1229980733446645,38.71327470208238],[-9.1229886710238546,38.713268205921395],[-9.1228036478291941,38.713182489342884],[-9.1225582895708879,38.713040263082512],[-9.1224646299342194,38.712984938257428],[-9.1222715024654235,38.712870013725968],[-9.1222186423816538,38.712838663943344],[-9.1221718477048555,38.712805191008371],[-9.1221441802199603,38.712782854862922],[-9.1158480054577851,38.707699451628699],[-9.1136338806328752,38.709257334536098],[-9.1113649938666637,38.711771006400305],[-9.1090257288015604,38.714539874929621],[-9.1154736936978562,38.718849757641955]]]},"properties":{"OBJECTID":29,"NOME":"São Vicente"}},{"type":"Feature","id":30,"geometry":{"type":"Polygon","coordinates":[[[-9.1544555620043795,38.715503710687152],[-9.1544925143418343,38.715555362420844],[-9.154718510514261,38.715890907594058],[-9.1548366337744937,38.716160017966615],[-9.1550682810452209,38.716996348204049],[-9.1551542744297514,38.717253578413036],[-9.1555739876336606,38.718425782811842],[-9.1556046730013207,38.718778440181907],[-9.1556438746225624,38.719728511528039],[-9.1556132605246638,38.719798939790778],[-9.1554951433211329,38.720070670120641],[-9.1555190413648955,38.720311058634472],[-9.155582208101281,38.720434813902763],[-9.1556460624793772,38.720598655344254],[-9.1561142423244455,38.721111862463992],[-9.1566176030943485,38.721664582512943],[-9.1567122481072918,38.72175401990453],[-9.1569014876127763,38.72193728172374],[-9.157124513571457,38.722167455712722],[-9.1573537616960472,38.72229380593469],[-9.1576386769795537,38.722453355480894],[-9.1578330490026314,38.7225610938684],[-9.1586355957733279,38.722982997514094],[-9.1594437346140811,38.723417276429217],[-9.1595886687346333,38.723530753299663],[-9.1596379423065972,38.723569330997172],[-9.1606355603860035,38.72426586344563],[-9.1629748361686207,38.723806566658872],[-9.164632303901735,38.723497645219702],[-9.16609801486692,38.723224446374481],[-9.1661221045679877,38.7232197223775],[-9.1684058662633419,38.722774065437342],[-9.1690122924496791,38.722655717819983],[-9.1695915878326009,38.722552966905013],[-9.1701607632781954,38.722452002680271],[-9.1708400732612265,38.722331497431391],[-9.1708500742204642,38.722330109723416],[-9.1710464504330904,38.722316176055593],[-9.1712354865491736,38.722302766639011],[-9.17134437834655,38.722302375233411],[-9.1716236808049345,38.722301369926321],[-9.1716775822636922,38.722301175739297],[-9.1717444659670537,38.722308947137932],[-9.171953033450265,38.722333179820772],[-9.1719748692232042,38.722335716064784],[-9.17214209990893,38.722355142521593],[-9.172262763012899,38.722379925287399],[-9.1726519694596629,38.72245986700964],[-9.1732196859460053,38.72259483914474],[-9.1733102682582768,38.722616373583271],[-9.1740849826539712,38.722800552415286],[-9.1749152095960707,38.722997780111982],[-9.1749376385254529,38.722947784817997],[-9.1750136694283739,38.722778765751094],[-9.175039028444397,38.722710901565009],[-9.1752545291054126,38.722134357056632],[-9.1753790597101332,38.721739627031042],[-9.1754183596934755,38.72159512844167],[-9.1754483875811754,38.72120941726606],[-9.1754390143511202,38.72096827134407],[-9.1753631081270388,38.720643047430727],[-9.1752926558623589,38.720446036810053],[-9.1751918278906199,38.720163920425421],[-9.1751433585750117,38.720048594273578],[-9.1750244859845171,38.719765648591228],[-9.174989452424791,38.719627330767771],[-9.1749389779238637,38.719428259206438],[-9.1748838619509598,38.719061772865075],[-9.1748798131047327,38.71878337779436],[-9.1748849078000276,38.718644702327097],[-9.1748925732420368,38.71843529314345],[-9.1749034195945178,38.718341866045883],[-9.1749136256100634,38.718254228599669],[-9.1749787944901122,38.717999536089103],[-9.1750784772809109,38.717684274238387],[-9.1753672512634683,38.716770736869364],[-9.1758183597690053,38.715281501424492],[-9.1758952192394965,38.71485858574821],[-9.1758987611589706,38.714825719586351],[-9.1759065555354926,38.71475294578125],[-9.1759578268622874,38.714278136944941],[-9.1759534632679625,38.714223597205709],[-9.175943346515222,38.714097298971872],[-9.1758317237042384,38.713632142852092],[-9.1756703119592498,38.713276771680675],[-9.1755101969635344,38.712924208158512],[-9.1752693554984663,38.712411832056638],[-9.1752327170076011,38.712334881928655],[-9.1751392711709485,38.712140044972344],[-9.1749705868972828,38.712137613642824],[-9.1743646988491925,38.712128955406548],[-9.174024869780629,38.712124074341062],[-9.1739825271121358,38.712123484771986],[-9.1739686796846431,38.712123292776411],[-9.1734489964760186,38.712115853046633],[-9.1733875967278955,38.712114965326073],[-9.1730424123974075,38.712301461640784],[-9.1729877654555168,38.712331018801436],[-9.1730485664561314,38.712551618529425],[-9.1730846303452065,38.712675789214671],[-9.173120693161934,38.712799956292002],[-9.1732191400453509,38.713155423745746],[-9.1732266914412204,38.713154477397744],[-9.1732382605175662,38.713153095356624],[-9.1732521400743945,38.713163740784573],[-9.1732841840523491,38.7131644771898],[-9.1733123317062866,38.713163154823505],[-9.1733238335288227,38.713276276004144],[-9.1733284327212878,38.713321909485458],[-9.1732971276837691,38.713620526833729],[-9.1732920219963194,38.713648226416453],[-9.173274212478578,38.713745218554664],[-9.1732196782662161,38.713956037455411],[-9.1730207144438864,38.714410817541285],[-9.1724763505071891,38.715285175980895],[-9.1723310628583477,38.715518528179985],[-9.1722459082560359,38.715655294856703],[-9.1722009646165166,38.715727487911394],[-9.172133465651056,38.715783209645643],[-9.1721218857666855,38.715792769916952],[-9.1721064575702815,38.715783186639534],[-9.1720752095503464,38.715769052650636],[-9.1720255156771824,38.715751479423403],[-9.1719504652942359,38.715729627553394],[-9.1719059959969886,38.715716425308877],[-9.1716410022234349,38.715637799727084],[-9.171296869397823,38.715533667935965],[-9.1707761061494484,38.715379760812027],[-9.1706802465171915,38.715349986633079],[-9.1705934891181951,38.715322650201905],[-9.170530094204036,38.71530267931665],[-9.1704111646675184,38.715267704902438],[-9.1703647627689175,38.715254074225861],[-9.1703545869581564,38.715251092822655],[-9.1701756311638629,38.715199536653515],[-9.170116353203527,38.715179610093955],[-9.1701051542616394,38.715175841448371],[-9.1700392367673782,38.71514940430211],[-9.1699966805581212,38.715133202754117],[-9.1699398118168691,38.715111553150727],[-9.1699201775890824,38.715105422666007],[-9.1698936587814917,38.715100253116802],[-9.1698870740603802,38.715099607094643],[-9.1698763888014767,38.715098604692123],[-9.1698499741056256,38.715100641405563],[-9.1698201106037516,38.715102707794166],[-9.169745557086241,38.715115079995158],[-9.1695035667048224,38.715156863638093],[-9.169499972473437,38.715147699366305],[-9.1694534343599106,38.715029398094934],[-9.1694020745549629,38.714896537784213],[-9.169317288642679,38.714678400748454],[-9.1691405207128955,38.714221473028083],[-9.1689993366786631,38.713839894034443],[-9.168940808181766,38.7136881813733],[-9.168815533688651,38.713373118510695],[-9.1687998992549176,38.713325515287806],[-9.1687746913871173,38.713251874938472],[-9.1686478482003899,38.712987269849386],[-9.1685320548302478,38.712771209262598],[-9.1684907796032409,38.712699512712199],[-9.1684625665268324,38.712656525668287],[-9.1684402820104118,38.712626096239447],[-9.1684135173779264,38.712603814465304],[-9.1683717164243692,38.712575360318262],[-9.1683242078437299,38.712549659055853],[-9.1682849670226929,38.712539197055229],[-9.168238742934701,38.712533439527242],[-9.1682124540503303,38.712533535357906],[-9.1681883794599575,38.712538252435515],[-9.1679958017354082,38.712577792987261],[-9.1677770562205509,38.712633103385748],[-9.1676715580844359,38.712655431569821],[-9.1675649229159184,38.712675293454751],[-9.1675050876671271,38.712677609118479],[-9.167485643443726,38.712678698149453],[-9.1673195748283138,38.712643237699865],[-9.167301987780057,38.712634939380585],[-9.1672700148451316,38.712619884490955],[-9.1672107625003161,38.712591956314895],[-9.1671612807670559,38.712588791715859],[-9.1671118757449523,38.712591031141955],[-9.1669872290646559,38.712620138937183],[-9.1669809006960641,38.712621628051437],[-9.1667910407843252,38.712665934777768],[-9.1665424458746685,38.712733895304311],[-9.1664096945469051,38.712770198451381],[-9.1661438814349641,38.712833804567843],[-9.1660613344950885,38.712849848192548],[-9.1659912901225145,38.712855872644077],[-9.1658993251437799,38.712856686871525],[-9.1657611325784316,38.712840794379041],[-9.1656526953033577,38.712817444350939],[-9.1656123596408321,38.712808781886984],[-9.1653239329044087,38.712739270196074],[-9.1651836317843784,38.71272719155327],[-9.165171984804962,38.712726200810955],[-9.1650253342999033,38.712761726997513],[-9.1648858152368931,38.712813404241373],[-9.1648549646277857,38.713146065284441],[-9.1648322981255212,38.713408393561437],[-9.1647743673604101,38.7136169857597],[-9.1647377930964709,38.713711891168117],[-9.1646742773161289,38.713852073649221],[-9.1645500465427183,38.714087374424572],[-9.1644831072101205,38.714229388574559],[-9.1643881409363974,38.714421193212338],[-9.1642788400418969,38.714655462104602],[-9.1642207070427357,38.714770374805994],[-9.1641545278405427,38.714885358436121],[-9.1640174010622726,38.715103657392653],[-9.1638721098235916,38.715313921982641],[-9.1637607921411064,38.715478581805222],[-9.1637539038105746,38.715488816921045],[-9.1638015609209962,38.715502821095086],[-9.1639501905838383,38.715546534739708],[-9.1636433541537006,38.715636619733999],[-9.1632850971323112,38.71574877682329],[-9.162942854833517,38.715855387028654],[-9.1625753329221666,38.715963119623481],[-9.1623247207001342,38.716045498874891],[-9.162194325634708,38.716092588661155],[-9.1620204903300166,38.716157175573073],[-9.1618765189500895,38.716219697869185],[-9.1617074246792924,38.716294151257543],[-9.1615909263036777,38.716348324405892],[-9.1615846198268684,38.716342627457067],[-9.1615742650708576,38.716333323336841],[-9.161551322910384,38.716312642204834],[-9.1614240245247736,38.716175043411852],[-9.1613351801281073,38.716073136873788],[-9.1612066297446688,38.715928342547109],[-9.16114097113112,38.715853987020907],[-9.1609904118804391,38.715683432487943],[-9.1609155298081859,38.715615618367956],[-9.1609077048963474,38.715608495272029],[-9.160869251862092,38.715572802718796],[-9.1608113317822291,38.715542686000312],[-9.160753736492449,38.715535086082554],[-9.1606997049596348,38.715535561899635],[-9.1605545582386672,38.715548189282359],[-9.1598792563063824,38.715624482487193],[-9.1588786851752477,38.715748488919914],[-9.158689425728868,38.715771947450833],[-9.1582086937541867,38.715561428405302],[-9.1578724045500675,38.715401903277467],[-9.1572657177522441,38.715114180594746],[-9.1574193926782055,38.714685235795265],[-9.1574904720988997,38.714486867602147],[-9.1575001613389091,38.714459752768143],[-9.1575158211769345,38.714415886815317],[-9.156934122552828,38.714413489498511],[-9.1566648565051807,38.714444405752452],[-9.1565723222175794,38.714455035322025],[-9.1563744301615593,38.714495215827753],[-9.1561979065194041,38.714531015843178],[-9.155889450615021,38.714619914663096],[-9.1552040271786126,38.714817428961197],[-9.154979248728889,38.714891184819308],[-9.154805998335199,38.714948014548575],[-9.154554362059903,38.715030566285918],[-9.1544501459070471,38.71508389449798],[-9.1543316976672866,38.715144306420662],[-9.1542301876015539,38.715196174043243],[-9.1544555620043795,38.715503710687152]]]},"properties":{"OBJECTID":30,"NOME":"Campo de Ourique"}},{"type":"Feature","id":31,"geometry":{"type":"Polygon","coordinates":[[[-9.1933828389573105,38.700582684547058],[-9.192030962956844,38.701261911947377],[-9.1919795790376035,38.701315515649412],[-9.1919562400859167,38.701339898737544],[-9.1919509068060208,38.701358484341291],[-9.1918984254437461,38.701542532879458],[-9.1916615834168507,38.702466090108764],[-9.1914035978304689,38.703467806667106],[-9.1913865192193764,38.703534117766353],[-9.1911946992622511,38.703793840153793],[-9.1911021208827322,38.703892779034447],[-9.1910266418037718,38.703973448296985],[-9.1907422297452523,38.704255100509968],[-9.1904914098555111,38.704503452409746],[-9.1902784141326794,38.704736986132389],[-9.1900753337763277,38.704959697853027],[-9.1899990788546173,38.705043339754873],[-9.1898868791125938,38.705184337127605],[-9.1897084468723733,38.705408530615088],[-9.1893811972297978,38.705869182776269],[-9.1893400134949328,38.705946099203949],[-9.1893293863624663,38.705965926945879],[-9.1892929134181554,38.706034003714606],[-9.1892851702240463,38.706048492558963],[-9.189244734659038,38.706167212221715],[-9.1891105204600603,38.706561265798776],[-9.1890823880751746,38.70666111629037],[-9.1889922946575915,38.706980945427958],[-9.1889168245392323,38.707248782332258],[-9.1889297423680762,38.707378031281991],[-9.1889377298417827,38.707458295825042],[-9.1889480131411183,38.707477753639239],[-9.1890071494038086,38.707589811639139],[-9.1891148604526229,38.707723405584886],[-9.1891445294902443,38.707760257232998],[-9.1890289451831961,38.707763237847765],[-9.1887314922318133,38.707770660166176],[-9.1884066483075788,38.707735782095725],[-9.1883343610488204,38.707728040097443],[-9.1882909600441387,38.707722383912269],[-9.1880976598914792,38.70769712087489],[-9.1878238247459389,38.707637943382892],[-9.187657560281048,38.707602011820512],[-9.1873357353176495,38.707512413160501],[-9.186860975176133,38.707358067089466],[-9.1865557414973349,38.707258535089359],[-9.1861320047460815,38.707120263851067],[-9.1866997670205599,38.70750034802181],[-9.1868817573292674,38.707622168873463],[-9.1872651001493928,38.707876421161309],[-9.1876447920743516,38.708164472890992],[-9.1883388055347766,38.708669055500749],[-9.1887408896395364,38.708986268933401],[-9.1889179416463396,38.709180478708902],[-9.1890220562897849,38.709294671601697],[-9.1892725686779393,38.709569398939308],[-9.1893723432038232,38.709691627895218],[-9.1896255739475912,38.710001743402252],[-9.189642068817939,38.710021940407913],[-9.1897378752103975,38.710268054911623],[-9.1897602723831149,38.710325646947872],[-9.1897768624085785,38.710368308683989],[-9.189808641674313,38.710449924560898],[-9.1900808447508826,38.710516802079468],[-9.1900895236422642,38.710518912529196],[-9.190098128699832,38.710521005630035],[-9.1902235632347757,38.710551829661327],[-9.1902624282560907,38.710574105102303],[-9.1902916235458374,38.710590847060011],[-9.1920362139893399,38.711562654828647],[-9.1920443959078408,38.711562861768307],[-9.1921109711074447,38.71156459900179],[-9.1922144691276504,38.711690024646373],[-9.1923762288162933,38.711993655395588],[-9.1924672597082058,38.712164505988063],[-9.1927959071508152,38.712781447577143],[-9.1929597225376121,38.713190697550097],[-9.193147956414446,38.713660817141104],[-9.192947807788828,38.713670567610308],[-9.193035569753377,38.716180615937297],[-9.1937764693588164,38.716182882773843],[-9.1941286386337993,38.716182504875263],[-9.1939433262425307,38.717583078739814],[-9.1937561624134503,38.718950090264833],[-9.1938185282157594,38.720189607709642],[-9.1938518168918826,38.720852026383525],[-9.1938734508493152,38.721285907315654],[-9.1939358548206815,38.722535989149691],[-9.1940289550396894,38.723697957559864],[-9.194102827455076,38.724370545720575],[-9.1941041521439697,38.724382831200643],[-9.1941466099371247,38.724769255986658],[-9.1942505339492424,38.724733245190912],[-9.1943599594633323,38.724695325142612],[-9.1948967182346468,38.724509324297109],[-9.1966781271457076,38.723859218737758],[-9.1973768591850114,38.723608477988044],[-9.1978081964354867,38.723455104968046],[-9.1979342951136385,38.72340899744438],[-9.1983602362785479,38.723253248435512],[-9.2004735534957067,38.722480261519159],[-9.2019658781036959,38.721943884004439],[-9.2022070854168661,38.721858276654928],[-9.2028889094838924,38.721616273683694],[-9.203501520702531,38.721407000812015],[-9.2037344790348499,38.721330189939415],[-9.2047533238898112,38.721028898325216],[-9.2057564866979735,38.720726677919735],[-9.2062641653886885,38.720573726327771],[-9.207144787427346,38.720310499510056],[-9.2074124037920413,38.720230506534698],[-9.2082681613356065,38.719981219603099],[-9.2093378530213421,38.719669592070176],[-9.2093828605171435,38.719656121773198],[-9.2094064900133148,38.719649047468138],[-9.2094311740445338,38.719641447300575],[-9.209260145675902,38.719272898740549],[-9.208932332029617,38.71872121677108],[-9.2084558789550019,38.718125058408802],[-9.2079043886179051,38.7175466135945],[-9.2072182436526848,38.716874373255067],[-9.2068375604885411,38.716483244655684],[-9.2067517414636804,38.716402048815972],[-9.2066376568718571,38.716294027677684],[-9.2063873183894387,38.716076630221735],[-9.205636948762157,38.715428571326242],[-9.2058309348326528,38.715330404920941],[-9.2058628124661777,38.715309394379133],[-9.2059080273376086,38.715257634769976],[-9.2062015575526637,38.714812563820416],[-9.2062194752503039,38.714787280980488],[-9.206250640033522,38.714743304165864],[-9.206334649427232,38.714778318480988],[-9.206386037605192,38.714798738636212],[-9.2065286842697969,38.714861000095802],[-9.2065518941936215,38.714827883134213],[-9.206594145914881,38.714767395740658],[-9.2071492010346532,38.713972780924699],[-9.2071127305949805,38.713953262666408],[-9.2070384883933336,38.713919611249445],[-9.2069626509851847,38.713884535883693],[-9.2068877593563965,38.713857110253301],[-9.2068657917992098,38.713848207779435],[-9.2069705245052162,38.71369438177598],[-9.2070269566881393,38.71366883242024],[-9.2070349371186015,38.713665237046655],[-9.2071219440259053,38.713625880608561],[-9.2075282967381469,38.713260478308904],[-9.207599235170516,38.713229919418644],[-9.2076313072213658,38.713246870181351],[-9.2077947414257544,38.713312158471965],[-9.2078172079938057,38.713321143561295],[-9.2078543074414494,38.713340601773133],[-9.2083865061048424,38.713621986619437],[-9.2084372873210736,38.713567079741146],[-9.2084830206462627,38.71351604850711],[-9.2086273791300393,38.713586179847916],[-9.2086568441064465,38.713600451054639],[-9.2087091235629313,38.713625503737184],[-9.2087277854749647,38.713634535362864],[-9.2087344851071684,38.713626726076534],[-9.2087394886507425,38.713620894303169],[-9.2088667350000826,38.713471725522886],[-9.2089066162999931,38.713478473853165],[-9.2089793387553271,38.713396226903889],[-9.2089993071640279,38.713372924509436],[-9.2091784774937775,38.713471849070118],[-9.2092063380895226,38.713487231159817],[-9.2092202765938787,38.713472159749848],[-9.209278072239405,38.713409483534463],[-9.2093071435015954,38.713378021763134],[-9.2094444672346771,38.713229200977196],[-9.2095319637125783,38.713134380537433],[-9.2096679470230463,38.712975053366478],[-9.2097038628018559,38.712930222980312],[-9.2097182195715206,38.712912314691302],[-9.2097475404663935,38.712875753871508],[-9.209830508945906,38.712772221078886],[-9.2098471945232099,38.712722711617239],[-9.2098536053425892,38.712703558642602],[-9.2098609813818335,38.712680232450488],[-9.2098667972842634,38.712640814596092],[-9.2098753221490917,38.712603713832166],[-9.2098836096272816,38.712564814585164],[-9.2098973422813408,38.712500641413449],[-9.2099092474047417,38.712428379810497],[-9.2099173517815451,38.71237858185053],[-9.2099209506689146,38.712365577403723],[-9.209903569613207,38.712363053148032],[-9.2098886892727467,38.712360920219211],[-9.2098899592854355,38.712354149934519],[-9.2099343379733405,38.712116478097734],[-9.20994966805568,38.712058400226049],[-9.2099609859636029,38.712015435741414],[-9.2099864556707054,38.711920078274069],[-9.2100069231387032,38.711797834310495],[-9.2100472458799985,38.71161982812513],[-9.2100843029382826,38.711507610199149],[-9.2100184147176627,38.711506776761624],[-9.2099246892851685,38.711505028657264],[-9.2098274921236989,38.711501691938309],[-9.2097630593103617,38.711498322755688],[-9.2096729691380954,38.71149365846113],[-9.2096226644801131,38.71148934840059],[-9.2095283982292226,38.711482201149337],[-9.2094741948463703,38.711478646646839],[-9.2093556572508337,38.711470551684428],[-9.2092910906223118,38.711465922374302],[-9.2092105402269091,38.711461080732946],[-9.2090184615060071,38.711455554835737],[-9.2087472303468427,38.711454000591104],[-9.2085140146580411,38.711457590838911],[-9.20833137935041,38.711460804642527],[-9.2082051627304899,38.711461967139925],[-9.2081460744811281,38.711462331216076],[-9.2080995741309764,38.711458705245853],[-9.2080681246757088,38.711454491383208],[-9.2079726267930511,38.711441859411678],[-9.2078889744227705,38.711429477882113],[-9.2078703049262742,38.711426496758314],[-9.2077984856682988,38.711404631015036],[-9.207651326341967,38.711359783253329],[-9.2075469975262543,38.711325234924857],[-9.2074968477644976,38.711308599785049],[-9.20752884143862,38.711218767742025],[-9.2075399043988249,38.711182184280972],[-9.2075406848403354,38.711149838924939],[-9.2075356796313805,38.711131132378163],[-9.2075325248599409,38.711119378200195],[-9.2075219688588223,38.711105422959456],[-9.2075062918105601,38.711087371166414],[-9.2074528072972939,38.711047329123609],[-9.2071598050640446,38.710872218798102],[-9.2067499496895326,38.710643940968964],[-9.2064028009505332,38.710424663197465],[-9.2063932268644546,38.710418688802697],[-9.20634770185716,38.710390359951028],[-9.2060548335021792,38.71038035141693],[-9.2057981428948246,38.710382727515466],[-9.2054042404499334,38.710365534509556],[-9.2053529296575594,38.71036329823437],[-9.2047358478935788,38.708869362452006],[-9.2046046707998634,38.708551864046839],[-9.2046353029065671,38.708516903067007],[-9.2046397037646823,38.708511361636091],[-9.2046595624431795,38.708486324254878],[-9.2046764538707482,38.708462748116261],[-9.2047249310402641,38.708429515209183],[-9.2047670274869802,38.708369317197374],[-9.2047994682706573,38.708309207675924],[-9.2048178787415296,38.708264179794554],[-9.2048263009572526,38.708189337381995],[-9.2048350267265366,38.708133595147714],[-9.2048246244920513,38.708077205830776],[-9.2048141322301138,38.708013707435875],[-9.2047938619144123,38.707957413972657],[-9.2047865489136527,38.707921900868612],[-9.2047797127188957,38.707895300271488],[-9.2047688444351223,38.707860359324101],[-9.2047594875053615,38.707834323202377],[-9.2047452951985349,38.707800043269636],[-9.2047292706903576,38.70776632150023],[-9.2047111838677704,38.707733068122344],[-9.2043846449246409,38.707060660305508],[-9.2043740674913543,38.707063520832151],[-9.2043644820314761,38.707066140767033],[-9.203149799554188,38.707395193502578],[-9.2027449760182556,38.707504872503662],[-9.202567440694164,38.707552978011122],[-9.2025642821906608,38.707541987587675],[-9.2025143053830138,38.707182663595511],[-9.2025132117163544,38.70717507546896],[-9.2024748058954646,38.706898916063764],[-9.2024714981546847,38.706877132882319],[-9.2023405459987799,38.706013237157421],[-9.2023271081648979,38.705954178393291],[-9.2023220877000096,38.705932246022478],[-9.2022932832474709,38.705742895736044],[-9.2023141564528448,38.70541610048614],[-9.2023156504461152,38.705392759162102],[-9.202344794228468,38.704857303975921],[-9.2023532637389174,38.704702049858675],[-9.2023618475174072,38.70454404999596],[-9.2023783183066374,38.70424410143675],[-9.2024077839651177,38.703708695439879],[-9.2024168991121016,38.703328136958682],[-9.2024311656761402,38.70273311619632],[-9.2024546588329041,38.702436202023165],[-9.2024738161525246,38.702193878230638],[-9.2024645396293305,38.702101817992961],[-9.2024536342956083,38.701993090078744],[-9.2025437378724373,38.701671956116805],[-9.2019191857855436,38.701485282198433],[-9.2018404323675842,38.701461758282214],[-9.2017667655352415,38.701440544281127],[-9.2011111552888991,38.701251794318345],[-9.2010316912536343,38.701180922874059],[-9.2010059562181983,38.701157995083932],[-9.2008953926087962,38.701121083501327],[-9.2008628087050592,38.701110206798752],[-9.2007887685226972,38.701085487020755],[-9.2004631841477291,38.700997665662342],[-9.1999721504612033,38.700891168288656],[-9.1998299709020053,38.700860324513158],[-9.1998035239097931,38.701034485257175],[-9.1997886835724572,38.701132204708486],[-9.1996127091990392,38.702291123062899],[-9.1996076702370164,38.702356400409123],[-9.1991456251906634,38.702204049986094],[-9.1986804937812341,38.702039494063321],[-9.1985111984729837,38.701979601316587],[-9.1984370541704248,38.701971887860765],[-9.1982766775050884,38.701955168404233],[-9.1969024682438754,38.701873117328212],[-9.1967503311178174,38.70158274003451],[-9.1962655516116047,38.700557742771934],[-9.194675038739021,38.700996394498908],[-9.1943289351292279,38.701091801228912],[-9.1942899084572769,38.70110257574072],[-9.1939611076113366,38.700710178549087],[-9.1936822995531617,38.700420624754614],[-9.1936660212923496,38.700429412759867],[-9.1933828389573105,38.700582684547058]]]},"properties":{"OBJECTID":31,"NOME":"Ajuda"}},{"type":"Feature","id":32,"geometry":{"type":"Polygon","coordinates":[[[-9.1781221859085846,38.723759036679674],[-9.1781440928301983,38.72376451849992],[-9.1782001547001393,38.723778602850629],[-9.1783660159910916,38.723820266690971],[-9.178861078397297,38.723934624862629],[-9.1792746081545289,38.724030114905524],[-9.1799531011590378,38.72419229249094],[-9.1805887993565509,38.724344230220773],[-9.1808934203267221,38.724416170932095],[-9.1814762696915313,38.7245399289109],[-9.1818452025931325,38.724589687760137],[-9.1821366899119159,38.724629027437587],[-9.1838530420983915,38.724796806766271],[-9.1841136524050562,38.724822286615073],[-9.1842993981967656,38.724840434710671],[-9.1843495576527339,38.724848810457203],[-9.1852643370042522,38.725001451049131],[-9.1853641395772794,38.725016130929923],[-9.1853947872584882,38.72502063282522],[-9.1856508705591118,38.725077068510899],[-9.1861343815939058,38.725183673734534],[-9.1869432841246272,38.72534616354632],[-9.1875689211061538,38.725428701585706],[-9.1877198037412029,38.725446983937175],[-9.188194549918105,38.725504567835912],[-9.1890103064072264,38.725544662155841],[-9.1891578219237218,38.725550159406161],[-9.1894529166952594,38.725561105030359],[-9.1899672462356961,38.725542833824051],[-9.1902244415666221,38.725533672324637],[-9.1904989142200098,38.725511638519862],[-9.1907960704781146,38.725487778331825],[-9.1916101384899864,38.72540572887457],[-9.1919779061702531,38.725331145426324],[-9.1929071287489528,38.725142727809242],[-9.1938226276105279,38.724883274424364],[-9.1938532765886372,38.724871813097437],[-9.193865282702351,38.724867303827899],[-9.1939081970585228,38.72485222624254],[-9.1939813920885349,38.724826523848336],[-9.1940563364282024,38.724800535297632],[-9.1941466099371247,38.724769255986658],[-9.1941041521439697,38.724382831200643],[-9.194102827455076,38.724370545720575],[-9.1940289550396894,38.723697957559864],[-9.1939358548206815,38.722535989149691],[-9.1938734508493152,38.721285907315654],[-9.1938518168918826,38.720852026383525],[-9.1938185282157594,38.720189607709642],[-9.1937561624134503,38.718950090264833],[-9.1939433262425307,38.717583078739814],[-9.1941286386337993,38.716182504875263],[-9.1937764693588164,38.716182882773843],[-9.193035569753377,38.716180615937297],[-9.192947807788828,38.713670567610308],[-9.193147956414446,38.713660817141104],[-9.1929597225376121,38.713190697550097],[-9.1927959071508152,38.712781447577143],[-9.1924672597082058,38.712164505988063],[-9.1923762288162933,38.711993655395588],[-9.1922144691276504,38.711690024646373],[-9.1921109711074447,38.71156459900179],[-9.1920443959078408,38.711562861768307],[-9.1920362139893399,38.711562654828647],[-9.1902916235458374,38.710590847060011],[-9.1902624282560907,38.710574105102303],[-9.1902235632347757,38.710551829661327],[-9.190098128699832,38.710521005630035],[-9.1900895236422642,38.710518912529196],[-9.1900808447508826,38.710516802079468],[-9.189808641674313,38.710449924560898],[-9.1897768624085785,38.710368308683989],[-9.1897602723831149,38.710325646947872],[-9.1897378752103975,38.710268054911623],[-9.189642068817939,38.710021940407913],[-9.1896255739475912,38.710001743402252],[-9.1893723432038232,38.709691627895218],[-9.1892725686779393,38.709569398939308],[-9.1890220562897849,38.709294671601697],[-9.1889179416463396,38.709180478708902],[-9.1887408896395364,38.708986268933401],[-9.1883388055347766,38.708669055500749],[-9.1876447920743516,38.708164472890992],[-9.1872651001493928,38.707876421161309],[-9.1868817573292674,38.707622168873463],[-9.1866997670205599,38.70750034802181],[-9.1861320047460815,38.707120263851067],[-9.1865557414973349,38.707258535089359],[-9.186860975176133,38.707358067089466],[-9.1873357353176495,38.707512413160501],[-9.187657560281048,38.707602011820512],[-9.1878238247459389,38.707637943382892],[-9.1880976598914792,38.70769712087489],[-9.1882909600441387,38.707722383912269],[-9.1883343610488204,38.707728040097443],[-9.1884066483075788,38.707735782095725],[-9.1887314922318133,38.707770660166176],[-9.1890289451831961,38.707763237847765],[-9.1891445294902443,38.707760257232998],[-9.1891148604526229,38.707723405584886],[-9.1890071494038086,38.707589811639139],[-9.1889480131411183,38.707477753639239],[-9.1889377298417827,38.707458295825042],[-9.1889297423680762,38.707378031281991],[-9.1889168245392323,38.707248782332258],[-9.1889922946575915,38.706980945427958],[-9.1890823880751746,38.70666111629037],[-9.1891105204600603,38.706561265798776],[-9.189244734659038,38.706167212221715],[-9.1892851702240463,38.706048492558963],[-9.1892929134181554,38.706034003714606],[-9.1893293863624663,38.705965926945879],[-9.1893400134949328,38.705946099203949],[-9.1893811972297978,38.705869182776269],[-9.1897084468723733,38.705408530615088],[-9.1898868791125938,38.705184337127605],[-9.1899990788546173,38.705043339754873],[-9.1900753337763277,38.704959697853027],[-9.1902784141326794,38.704736986132389],[-9.1904914098555111,38.704503452409746],[-9.1907422297452523,38.704255100509968],[-9.1910266418037718,38.703973448296985],[-9.1911021208827322,38.703892779034447],[-9.1911946992622511,38.703793840153793],[-9.1913865192193764,38.703534117766353],[-9.1914035978304689,38.703467806667106],[-9.1916615834168507,38.702466090108764],[-9.1918984254437461,38.701542532879458],[-9.1919509068060208,38.701358484341291],[-9.1919562400859167,38.701339898737544],[-9.1919795790376035,38.701315515649412],[-9.192030962956844,38.701261911947377],[-9.1933828389573105,38.700582684547058],[-9.1933675433400204,38.70056554253749],[-9.1926595189288225,38.699769193978916],[-9.1925301893624951,38.699620568455622],[-9.192048701927872,38.699015738024848],[-9.1911803363009756,38.697929701047855],[-9.1903333548629487,38.698050422878019],[-9.1892428814691858,38.698254772100832],[-9.1889852345308167,38.698313671182234],[-9.1889585414407957,38.698319768246556],[-9.1880740149601934,38.698522062960819],[-9.1880625844673638,38.69848739656662],[-9.187669490601321,38.697285611167871],[-9.1875324226478821,38.696828620697829],[-9.1874977414370154,38.69671424684487],[-9.1859368512123076,38.69156614379748],[-9.182956139323915,38.69230649625284],[-9.1776011064682415,38.691983044767866],[-9.1747328191940447,38.692098659624101],[-9.1759038691621697,38.698636032833726],[-9.1759308344543147,38.698786551086897],[-9.1759008485827458,38.69892986289446],[-9.1749083575612733,38.699093749303039],[-9.1754065767710937,38.70130982195257],[-9.1754404982813256,38.701460760164601],[-9.1753695933084245,38.701675599746693],[-9.1753651866772152,38.701688790539755],[-9.1752843733046063,38.701933713743166],[-9.1745104234840849,38.704277521267869],[-9.1745046986443093,38.704294957469926],[-9.1744874089963684,38.704347176119981],[-9.1741276347847212,38.70564003557736],[-9.1741039257668344,38.7057251909808],[-9.1741006485118586,38.705737019581647],[-9.1740805445373041,38.705809171534909],[-9.1740253818050217,38.70598450559644],[-9.1739940861189471,38.706093509318201],[-9.1739768033497899,38.706154105148009],[-9.1739154185453593,38.706368138343478],[-9.1739051903354873,38.706455424763213],[-9.1739016175965418,38.706486443671096],[-9.1738894417537633,38.706590052586975],[-9.1738523221091288,38.706907548616577],[-9.1738470944597363,38.706951373439061],[-9.1737913465734469,38.707419015513125],[-9.1737118124039245,38.708085402842471],[-9.1736813731689466,38.708490935419604],[-9.1736746296314529,38.708580803962704],[-9.1737114146655934,38.709142653593481],[-9.1737805047871426,38.709324535500379],[-9.1739925509327147,38.70975556095874],[-9.1743774388750907,38.710537789686292],[-9.174457011004252,38.710704985929411],[-9.174535164860055,38.710869491482612],[-9.1751392711709485,38.712140044972344],[-9.1752327170076011,38.712334881928655],[-9.1752693554984663,38.712411832056638],[-9.1755101969635344,38.712924208158512],[-9.1756703119592498,38.713276771680675],[-9.1758317237042384,38.713632142852092],[-9.175943346515222,38.714097298971872],[-9.1759534632679625,38.714223597205709],[-9.1759578268622874,38.714278136944941],[-9.1759065555354926,38.71475294578125],[-9.1758987611589706,38.714825719586351],[-9.1758952192394965,38.71485858574821],[-9.1758183597690053,38.715281501424492],[-9.1753672512634683,38.716770736869364],[-9.1750784772809109,38.717684274238387],[-9.1749787944901122,38.717999536089103],[-9.1749136256100634,38.718254228599669],[-9.1749034195945178,38.718341866045883],[-9.1748925732420368,38.71843529314345],[-9.1748849078000276,38.718644702327097],[-9.1748798131047327,38.71878337779436],[-9.1748838619509598,38.719061772865075],[-9.1749389779238637,38.719428259206438],[-9.174989452424791,38.719627330767771],[-9.1750244859845171,38.719765648591228],[-9.1751433585750117,38.720048594273578],[-9.1751918278906199,38.720163920425421],[-9.1752926558623589,38.720446036810053],[-9.1753631081270388,38.720643047430727],[-9.1754390143511202,38.72096827134407],[-9.1754483875811754,38.72120941726606],[-9.1754183596934755,38.72159512844167],[-9.1753790597101332,38.721739627031042],[-9.1752545291054126,38.722134357056632],[-9.175039028444397,38.722710901565009],[-9.1750136694283739,38.722778765751094],[-9.1749376385254529,38.722947784817997],[-9.1749152095960707,38.722997780111982],[-9.1749630538751372,38.723009135109415],[-9.1750230179884547,38.723023352860757],[-9.1756638385558293,38.72317550246099],[-9.1778393631149005,38.723691919390355],[-9.177929081983029,38.723713194017449],[-9.177999144662591,38.723729799840768],[-9.1781221859085846,38.723759036679674]]]},"properties":{"OBJECTID":32,"NOME":"Alcântara"}},{"type":"Feature","id":33,"geometry":{"type":"Polygon","coordinates":[[[-9.1411504473441099,38.716898778108259],[-9.1411608050687683,38.716911585388438],[-9.141276656155144,38.717054781024686],[-9.1413178950724063,38.717105752321224],[-9.1415503390306139,38.717388841664565],[-9.1416861950095765,38.717565122321474],[-9.1417517664034538,38.717649228921481],[-9.1418313754575102,38.717750329341307],[-9.1418631922098612,38.717800942146177],[-9.1418706262599443,38.717812766604844],[-9.1417276603331779,38.717860873506609],[-9.1415852329760288,38.717907391101889],[-9.1414833343976181,38.717925757938183],[-9.1414559742657442,38.717930689728931],[-9.141448755754892,38.717931990571508],[-9.1413618282413989,38.717950335371803],[-9.1412460596898235,38.717974765017622],[-9.141221772196765,38.717979890951028],[-9.1412060918544071,38.717983284311103],[-9.141022316774329,38.71802304962727],[-9.1409674442683677,38.718047625071989],[-9.1409423354964279,38.718058870776417],[-9.1405717772578647,38.718607944048102],[-9.140388491892331,38.718653738532872],[-9.1403815942514015,38.718655460816471],[-9.1406168176642808,38.719087426461222],[-9.1406411223106474,38.719132051030542],[-9.140691650200127,38.719232971342393],[-9.1409023388227304,38.719653780759351],[-9.1408979069604026,38.719658168868357],[-9.1407093401106749,38.719844863802862],[-9.1403521109758934,38.720198549482831],[-9.1403370007866283,38.720235305702943],[-9.1403285273533879,38.720265997387983],[-9.1404949841603944,38.720270134548095],[-9.1408566259573281,38.720279119864365],[-9.1413092880551456,38.72029045659913],[-9.141350458741611,38.720315732561595],[-9.1418154086426533,38.720601172881651],[-9.1418660426014373,38.72062046234452],[-9.1418789727965457,38.720625390682052],[-9.1417218262842042,38.72102351112806],[-9.1416799231840482,38.721129480987891],[-9.1416612993928457,38.721159926137588],[-9.1415805651199893,38.721291940327617],[-9.1412728164363077,38.72176210433166],[-9.1412204889217659,38.721851877674105],[-9.1407728760002822,38.722343282550774],[-9.1411571350922802,38.722456075064727],[-9.1412531359715228,38.722455245441765],[-9.1414864023438476,38.72262150525583],[-9.1415344549907083,38.722655761179048],[-9.1416484273567793,38.722725028624794],[-9.1423216048882487,38.723134118348902],[-9.1424895443266827,38.723245689354052],[-9.14244517907124,38.723267707510416],[-9.1419153129206805,38.723530673684422],[-9.1419255140166662,38.723603733191702],[-9.1419589803204762,38.723843412334901],[-9.1419927945560939,38.724085574628113],[-9.1419928892954783,38.724091493784364],[-9.1419949845535236,38.724147597450632],[-9.1421594530789552,38.724132031119467],[-9.1422433558442968,38.72411754737135],[-9.1422911622504905,38.72425501729375],[-9.1423074732977359,38.724301923703123],[-9.1423130795276517,38.724322394338294],[-9.1423642741687043,38.724395562908889],[-9.1424376336128095,38.724553190665844],[-9.1425421621113863,38.724701631448816],[-9.1426543704111083,38.724830565025663],[-9.1429825393456863,38.725017339996953],[-9.1432142202352562,38.724974890365864],[-9.1432385193872108,38.724987095055639],[-9.1434012673815399,38.7250429202021],[-9.1434402471337499,38.725075352162094],[-9.1435604785937805,38.725310766901238],[-9.1434605610303983,38.725547816828779],[-9.1435701756962562,38.725720988836962],[-9.1434138723750866,38.72586520004274],[-9.1433900360379372,38.725887187966457],[-9.1432979659673759,38.725849580349589],[-9.1432860529804589,38.725844692931872],[-9.1432592021514925,38.725840511994043],[-9.1431348531854635,38.725821140348046],[-9.1431072889367435,38.725823540382841],[-9.1430935068243109,38.725824741298489],[-9.1428633330779725,38.725954692733524],[-9.1429939817890897,38.726108537365775],[-9.1432553639348217,38.726416324526618],[-9.1432845684031356,38.726448888736051],[-9.1439448946326376,38.727185168853758],[-9.14405226829399,38.72730489082867],[-9.1449224591443699,38.728249745983845],[-9.1451045096025858,38.728458379472769],[-9.1452096525968987,38.728413785584543],[-9.1453190998813305,38.728367407707914],[-9.1459095063555562,38.7282709993937],[-9.1466391501150675,38.728168483432782],[-9.1467778815256651,38.728119549691165],[-9.1470205658921397,38.72803389626015],[-9.1473697889763237,38.728049066349051],[-9.1473800873771811,38.728049512965747],[-9.1473970722976397,38.728047568530123],[-9.1474619787121405,38.728040138663388],[-9.1476015240110886,38.728024172870747],[-9.1477626689929306,38.728022771616104],[-9.1479031229295718,38.728069576977994],[-9.147913070945215,38.728072892891291],[-9.1480089020269251,38.728199008770254],[-9.148125229043254,38.728352097207271],[-9.1481292499225688,38.728345477547819],[-9.1482209710245765,38.728194529065554],[-9.1494766453181384,38.726154779444983],[-9.1495601813517666,38.726019078397314],[-9.1500268339028157,38.725261000441563],[-9.1501551823857046,38.725253151424354],[-9.151072216033679,38.725197068699337],[-9.1510892807982422,38.725196024722052],[-9.1535245911937473,38.725047067930987],[-9.1535350610732404,38.725046420757565],[-9.1537257395516853,38.725034625077626],[-9.1560946838482096,38.724888115538988],[-9.1563747966846805,38.724870788460095],[-9.1574751884470569,38.724802495047413],[-9.1588451555263521,38.724624719229631],[-9.1598628296023819,38.724417560410259],[-9.1606355603860035,38.72426586344563],[-9.1596379423065972,38.723569330997172],[-9.1595886687346333,38.723530753299663],[-9.1594437346140811,38.723417276429217],[-9.1586355957733279,38.722982997514094],[-9.1578330490026314,38.7225610938684],[-9.1576386769795537,38.722453355480894],[-9.1573537616960472,38.72229380593469],[-9.157124513571457,38.722167455712722],[-9.1569014876127763,38.72193728172374],[-9.1567122481072918,38.72175401990453],[-9.1566176030943485,38.721664582512943],[-9.1561142423244455,38.721111862463992],[-9.1556460624793772,38.720598655344254],[-9.155582208101281,38.720434813902763],[-9.1555190413648955,38.720311058634472],[-9.1554951433211329,38.720070670120641],[-9.1556132605246638,38.719798939790778],[-9.1556438746225624,38.719728511528039],[-9.1556046730013207,38.718778440181907],[-9.1555739876336606,38.718425782811842],[-9.1551542744297514,38.717253578413036],[-9.1550682810452209,38.716996348204049],[-9.1548366337744937,38.716160017966615],[-9.154718510514261,38.715890907594058],[-9.1544925143418343,38.715555362420844],[-9.1544555620043795,38.715503710687152],[-9.1540698072882645,38.715704357018041],[-9.1539363217590495,38.715783883056702],[-9.1537615313878256,38.715888019651302],[-9.1536888965938772,38.71593078898254],[-9.1535461487558685,38.716014751640735],[-9.1531884152285592,38.716302255766855],[-9.1530497654349343,38.716432278975127],[-9.1528139933591337,38.716621070709273],[-9.1527492374530457,38.716675953891645],[-9.1526469914260815,38.716762601470222],[-9.1525763490114382,38.716646193456782],[-9.1522196081704763,38.716058229250848],[-9.1521763345943299,38.71598535979038],[-9.1520556659373078,38.715782261476917],[-9.1519344398613995,38.71557823827311],[-9.1517599742010969,38.715641757036707],[-9.1516654241698934,38.715676186499422],[-9.1516280013369844,38.715689834277619],[-9.1515383799209342,38.715668911421155],[-9.1507605079936702,38.715487252649432],[-9.1504801504298054,38.715449641805655],[-9.1500463199133772,38.715391430241773],[-9.150092494754464,38.715706362057709],[-9.150140761556802,38.716035823364479],[-9.1498793629363391,38.716452643217607],[-9.1495800715743254,38.71691239559383],[-9.1494184881829064,38.717160263108234],[-9.1494079341952972,38.717156273383623],[-9.1493003148014509,38.717115346543544],[-9.1491171964008817,38.717028934686731],[-9.1485460720957867,38.716743478952175],[-9.1483778306911194,38.716659381446313],[-9.1480278941933406,38.716472224701917],[-9.1477951175242911,38.716347707011032],[-9.1477803371719268,38.71633989304096],[-9.147751839607734,38.716313340118639],[-9.147710446553873,38.716274851060398],[-9.147683891208457,38.716250183730239],[-9.1476053616611406,38.716190850182727],[-9.1474583184296954,38.716080147271441],[-9.1474379904312784,38.716064839991077],[-9.1473162074109684,38.716014463311396],[-9.1472881296392998,38.716004250531562],[-9.1472269927345629,38.715981990918216],[-9.1471697793276547,38.715961148411289],[-9.1470045668821811,38.715919809166422],[-9.1462357509959702,38.715727488975148],[-9.1458061756442568,38.715618886041199],[-9.1456890496481975,38.71558927192072],[-9.1456518914939018,38.715579872432961],[-9.1455848245635565,38.715568092639622],[-9.1455259993641125,38.715557717830173],[-9.1450967933944671,38.715482173414586],[-9.1450861526592853,38.715486265920269],[-9.145046267912095,38.715501606571728],[-9.1448731450195417,38.715568149929048],[-9.1448427093324849,38.715579854228039],[-9.1445026226246728,38.715710558267133],[-9.1442157408584475,38.715820859542809],[-9.1442106689416658,38.715815041976668],[-9.144142659184606,38.715737075076611],[-9.1441134361260552,38.715703554527842],[-9.1437066249263488,38.715032850473847],[-9.1434937604431887,38.715053221295769],[-9.1434801966347834,38.71505450954055],[-9.1434610674703531,38.715056327800831],[-9.1434358963317113,38.715058713521842],[-9.1434159676277442,38.71513057048729],[-9.1433390176876479,38.715306438787934],[-9.1432996830314153,38.715396407120231],[-9.1431943202091386,38.715662239349172],[-9.1431418290564626,38.715805017414667],[-9.1431027846823696,38.715856501486705],[-9.1430915736249894,38.715871141565984],[-9.14300553770566,38.715940052842818],[-9.1426407114710191,38.716152922512372],[-9.1426339979550448,38.716156842162782],[-9.1425957877460657,38.716170156060755],[-9.1425780454401924,38.716176346340006],[-9.142385147660395,38.716243653988911],[-9.1420683483997767,38.716354136213639],[-9.1417799050158628,38.716454729102438],[-9.1411504473441099,38.716898778108259]]]},"properties":{"OBJECTID":33,"NOME":"Santo António"}},{"type":"Feature","id":34,"geometry":{"type":"Polygon","coordinates":[[[-9.1317043544647145,38.723316225796069],[-9.131766856156263,38.723579906524286],[-9.1308598442950704,38.725033418326305],[-9.1304692993544911,38.725674600482499],[-9.1303737247377015,38.725954569038294],[-9.1303029846771029,38.726159200880481],[-9.1302624992647541,38.726306534941493],[-9.1302442024760797,38.726373191652812],[-9.1302253887780864,38.726441628221984],[-9.1303347754550188,38.726815329121841],[-9.1304587894877169,38.727182418528585],[-9.1305124339846859,38.727368151821331],[-9.1305603924396266,38.727558527613546],[-9.1305920751709095,38.727802188710555],[-9.1306126224786084,38.727801029726749],[-9.1309656307334581,38.727781254298002],[-9.1309743522811786,38.727796404960365],[-9.1309776229891604,38.727802043895288],[-9.131006293499949,38.727851883840998],[-9.1311172458346963,38.728090362351821],[-9.1311636614306018,38.728169865020334],[-9.1312287685471301,38.728209864394195],[-9.1312854157701011,38.72822575343146],[-9.1313677947709486,38.728237118751586],[-9.1314317248228765,38.728236571917066],[-9.1316229626243253,38.728203678603442],[-9.1317644638638171,38.728191298327623],[-9.1319003714616578,38.728190135433898],[-9.1320422764014264,38.728206666643445],[-9.1320767511502421,38.728219808192584],[-9.1321586955395588,38.728251068753003],[-9.13228002929959,38.728318224061184],[-9.1322989228366005,38.728328687360126],[-9.1324820520251553,38.728464578487831],[-9.1326138117124795,38.728569922363434],[-9.1326856077840457,38.72858092774144],[-9.1326958638312892,38.728582461462786],[-9.1327037516450318,38.728578680971921],[-9.1327493953047867,38.728556682594466],[-9.1327944987592868,38.728534953650225],[-9.1328045358051444,38.728533728322269],[-9.1329521401059957,38.728742594391782],[-9.1329815695621885,38.728784221175154],[-9.1330540719930138,38.729011516375621],[-9.1330566979345296,38.729019805476163],[-9.1330586768265185,38.729026059828627],[-9.1330908746019634,38.729127005851751],[-9.1329978932845002,38.72940127562115],[-9.1329921573572825,38.729452763223065],[-9.1329704975969879,38.729646632997593],[-9.1328668605669439,38.730213211760521],[-9.1329661546390675,38.730159215205333],[-9.1330551889510296,38.730111611835014],[-9.1330618273360908,38.730108029371252],[-9.1330680879326369,38.730104651914999],[-9.1331145405196441,38.730079575694354],[-9.1330597319363136,38.730189930624924],[-9.1329417160427404,38.730427564159456],[-9.1328706267639905,38.730573581673241],[-9.1321749422883354,38.732044815711653],[-9.1317351027136109,38.732971183915147],[-9.1317259490776621,38.73299055605883],[-9.1314448832817607,38.73366735761207],[-9.1312850358024651,38.733824650583799],[-9.1312625651702195,38.734274327670889],[-9.1312397216863577,38.734731853753793],[-9.1312330313501757,38.735085561377403],[-9.1312074713578291,38.735743075212433],[-9.1311698565393247,38.736781906351268],[-9.1311778446821812,38.737000186870226],[-9.1311854891863309,38.737218480223198],[-9.1329780134566629,38.737109733659089],[-9.1338893676542234,38.737054432679223],[-9.1344251083186716,38.737021922189726],[-9.136504202275443,38.736895746761512],[-9.1365277339562176,38.736894317898063],[-9.1364941459208904,38.736590323507201],[-9.136488028465573,38.736417871946678],[-9.1364873007588798,38.73639734478197],[-9.1365192510427971,38.736289157296291],[-9.1365755831677138,38.736131666774916],[-9.1366786208772943,38.736032595666579],[-9.1366999814365428,38.736021260551333],[-9.1369731496147484,38.735876299864124],[-9.1371347799022296,38.735789335262375],[-9.1374503785473173,38.735626731042679],[-9.1380940963947399,38.735399056692415],[-9.1383657647465029,38.735343390641887],[-9.1391255852142628,38.735292435361707],[-9.1416218480513152,38.735217560339983],[-9.1428095071804112,38.735177865638917],[-9.1434142227836332,38.735157652596179],[-9.1434942065230729,38.735156833373779],[-9.1451423989656142,38.73513997595947],[-9.1448226905411421,38.733741494959716],[-9.1454656687239417,38.732703923440667],[-9.146316528318275,38.731330839748104],[-9.1473298912331629,38.729661972064925],[-9.148125229043254,38.728352097207271],[-9.1480089020269251,38.728199008770254],[-9.147913070945215,38.728072892891291],[-9.1479031229295718,38.728069576977994],[-9.1477626689929306,38.728022771616104],[-9.1476015240110886,38.728024172870747],[-9.1474619787121405,38.728040138663388],[-9.1473970722976397,38.728047568530123],[-9.1473800873771811,38.728049512965747],[-9.1473697889763237,38.728049066349051],[-9.1470205658921397,38.72803389626015],[-9.1467778815256651,38.728119549691165],[-9.1466391501150675,38.728168483432782],[-9.1459095063555562,38.7282709993937],[-9.1453190998813305,38.728367407707914],[-9.1452096525968987,38.728413785584543],[-9.1451045096025858,38.728458379472769],[-9.1449224591443699,38.728249745983845],[-9.14405226829399,38.72730489082867],[-9.1439448946326376,38.727185168853758],[-9.1432845684031356,38.726448888736051],[-9.1432553639348217,38.726416324526618],[-9.1429939817890897,38.726108537365775],[-9.1428633330779725,38.725954692733524],[-9.1430935068243109,38.725824741298489],[-9.1431072889367435,38.725823540382841],[-9.1431348531854635,38.725821140348046],[-9.1432592021514925,38.725840511994043],[-9.1432860529804589,38.725844692931872],[-9.1432979659673759,38.725849580349589],[-9.1433900360379372,38.725887187966457],[-9.1434138723750866,38.72586520004274],[-9.1435701756962562,38.725720988836962],[-9.1434605610303983,38.725547816828779],[-9.1435604785937805,38.725310766901238],[-9.1434402471337499,38.725075352162094],[-9.1434012673815399,38.7250429202021],[-9.1432385193872108,38.724987095055639],[-9.1432142202352562,38.724974890365864],[-9.1429825393456863,38.725017339996953],[-9.1426543704111083,38.724830565025663],[-9.1425421621113863,38.724701631448816],[-9.1424376336128095,38.724553190665844],[-9.1423642741687043,38.724395562908889],[-9.1423130795276517,38.724322394338294],[-9.1423074732977359,38.724301923703123],[-9.1422911622504905,38.72425501729375],[-9.1422433558442968,38.72411754737135],[-9.1421594530789552,38.724132031119467],[-9.1419949845535236,38.724147597450632],[-9.1419928892954783,38.724091493784364],[-9.1419927945560939,38.724085574628113],[-9.1419589803204762,38.723843412334901],[-9.1419255140166662,38.723603733191702],[-9.1419153129206805,38.723530673684422],[-9.14244517907124,38.723267707510416],[-9.1424895443266827,38.723245689354052],[-9.1423216048882487,38.723134118348902],[-9.1416484273567793,38.722725028624794],[-9.1415344549907083,38.722655761179048],[-9.1414864023438476,38.72262150525583],[-9.1412531359715228,38.722455245441765],[-9.1411571350922802,38.722456075064727],[-9.1407728760002822,38.722343282550774],[-9.1412204889217659,38.721851877674105],[-9.1412728164363077,38.72176210433166],[-9.1415805651199893,38.721291940327617],[-9.1416612993928457,38.721159926137588],[-9.1416799231840482,38.721129480987891],[-9.1417218262842042,38.72102351112806],[-9.1418789727965457,38.720625390682052],[-9.1418660426014373,38.72062046234452],[-9.1418154086426533,38.720601172881651],[-9.141350458741611,38.720315732561595],[-9.1413092880551456,38.72029045659913],[-9.1408566259573281,38.720279119864365],[-9.1404949841603944,38.720270134548095],[-9.1403285273533879,38.720265997387983],[-9.1403370007866283,38.720235305702943],[-9.1403521109758934,38.720198549482831],[-9.1407093401106749,38.719844863802862],[-9.1408979069604026,38.719658168868357],[-9.1409023388227304,38.719653780759351],[-9.140691650200127,38.719232971342393],[-9.1406411223106474,38.719132051030542],[-9.1406168176642808,38.719087426461222],[-9.1403815942514015,38.718655460816471],[-9.140388491892331,38.718653738532872],[-9.1405717772578647,38.718607944048102],[-9.1409423354964279,38.718058870776417],[-9.1409674442683677,38.718047625071989],[-9.141022316774329,38.71802304962727],[-9.1412060918544071,38.717983284311103],[-9.141221772196765,38.717979890951028],[-9.1412460596898235,38.717974765017622],[-9.1413618282413989,38.717950335371803],[-9.141448755754892,38.717931990571508],[-9.1414559742657442,38.717930689728931],[-9.1414833343976181,38.717925757938183],[-9.1415852329760288,38.717907391101889],[-9.1417276603331779,38.717860873506609],[-9.1418706262599443,38.717812766604844],[-9.1418631922098612,38.717800942146177],[-9.1418313754575102,38.717750329341307],[-9.1417517664034538,38.717649228921481],[-9.1416861950095765,38.717565122321474],[-9.1415503390306139,38.717388841664565],[-9.1413178950724063,38.717105752321224],[-9.141276656155144,38.717054781024686],[-9.1411608050687683,38.716911585388438],[-9.1411504473441099,38.716898778108259],[-9.1404335695603809,38.716161629939073],[-9.1402797865457739,38.716150337493914],[-9.1402331282818405,38.716118325457451],[-9.1401025309472743,38.716028744586524],[-9.1400491697074138,38.716068428123407],[-9.1399915481441258,38.716111279468116],[-9.139926389825348,38.71613741399792],[-9.1398718895549624,38.716159271649289],[-9.1398056602249955,38.716184059647915],[-9.139688922419511,38.716082994624273],[-9.1395062196768873,38.715936753484044],[-9.1394519265048597,38.715869497740947],[-9.1393976043771925,38.715775653641799],[-9.1392529671794982,38.715603770485849],[-9.1392418576724523,38.715590444341139],[-9.1392189136239956,38.715568744518535],[-9.1391629028325312,38.715534098455102],[-9.1391271062886901,38.715515390833851],[-9.1390903420078704,38.715477350693781],[-9.1390202907649698,38.715417782543533],[-9.1389884562244212,38.715336806196632],[-9.1389988975168919,38.715227083165075],[-9.1390022569434546,38.715192129780178],[-9.1390051766683733,38.715161734566109],[-9.1390232469426138,38.715072058703448],[-9.1389811893489483,38.715074200514117],[-9.1389005042185687,38.715078264515434],[-9.1388387511860572,38.715082273697163],[-9.1388100234732814,38.715080130125408],[-9.1384226769084655,38.715075585874189],[-9.1384176340886665,38.715095445689414],[-9.1384131539474769,38.71511574835813],[-9.138404161068939,38.715156817881365],[-9.1383935472356104,38.71519338748881],[-9.1383243807392027,38.715207592216487],[-9.1381839567007344,38.715236442896312],[-9.1381434374574813,38.715232845767524],[-9.1381338498852962,38.715228671958478],[-9.1381027093901857,38.715214993635115],[-9.1380658189733417,38.715212642604307],[-9.1380451262406446,38.71522449739706],[-9.1379882871885094,38.715294696191414],[-9.1378978650616478,38.715406372153936],[-9.1377467828036885,38.715646250720987],[-9.137594505999207,38.715870022438921],[-9.1375711846630114,38.715902249450721],[-9.1375094659017719,38.715986310734991],[-9.1374867878464876,38.716025319646384],[-9.1373487024981781,38.716262836762624],[-9.1372516906461705,38.716471433331797],[-9.1372005296355887,38.716584930721673],[-9.1371659413918849,38.716661785803552],[-9.137137664702168,38.716690029659304],[-9.1369703519891452,38.716693554429497],[-9.1368860764449682,38.716718329985234],[-9.136501287027869,38.716942601016768],[-9.1363859118286666,38.71701268705722],[-9.1362094701198391,38.717120334675776],[-9.1362163441749686,38.717127538755264],[-9.1366426762976953,38.717572383576353],[-9.1367087161895171,38.717681283217118],[-9.1367221226893385,38.717703395088336],[-9.1367102403798413,38.717774478325403],[-9.1364178485043492,38.718151987997416],[-9.1363839020258126,38.718256680699675],[-9.1364337050315196,38.718364616352879],[-9.1364736708657865,38.718403178413475],[-9.1366078372559283,38.718532647505619],[-9.13688413539316,38.718877419604013],[-9.1370342791796144,38.71906476537832],[-9.136933994924636,38.719415211617431],[-9.1369317960268823,38.719422905213847],[-9.1369274308207338,38.719438074135958],[-9.1367189306785193,38.720166049923122],[-9.1360140252481994,38.720039625559927],[-9.135855597941914,38.720024593776685],[-9.1355631475053123,38.719996840716284],[-9.1355527795294513,38.719995853175398],[-9.1355565669612098,38.71996185647842],[-9.135574753992282,38.71979966313274],[-9.1355760841859421,38.719787718984236],[-9.1352647345497822,38.719780665198286],[-9.1351534093009121,38.719778150496353],[-9.1351381052226284,38.719777824968574],[-9.1351224675472817,38.719777488786207],[-9.1350705908664906,38.719776324593695],[-9.1350454247157167,38.71977574848205],[-9.1349918081742683,38.719774571241025],[-9.134951629128615,38.720041162459047],[-9.134739622021673,38.719995707471725],[-9.1346842878315648,38.71998384704451],[-9.1346753384052004,38.719909769919539],[-9.1346630317320372,38.719820716222031],[-9.1345964219019855,38.719505653302114],[-9.134573566024569,38.719416942176537],[-9.1344596347841218,38.719195517010064],[-9.1343611047122888,38.719023772524402],[-9.134285997829469,38.718941190987465],[-9.1342770528161292,38.71894180355806],[-9.1338712430821314,38.718969773170372],[-9.1338602232608732,38.718970511564265],[-9.1338505084685711,38.718960037480976],[-9.1338396327416245,38.718948270794037],[-9.1337343450118098,38.718834835802035],[-9.1336311796501963,38.718723673253542],[-9.1336203070482949,38.718711960565969],[-9.1333776283867909,38.718928995017542],[-9.1333792768958588,38.718939694892114],[-9.1333810189901392,38.718950756983766],[-9.1333830591802858,38.718963984722897],[-9.1333939077196238,38.71903368680092],[-9.1333997421064677,38.719187941054926],[-9.1333841229754196,38.71939471377182],[-9.1333188799380984,38.7195147174223],[-9.1330852044704844,38.719825327401509],[-9.1330527375412487,38.719868688009406],[-9.133014170925474,38.719925922475419],[-9.1329482056007993,38.719977832487089],[-9.1328467139084264,38.720038153362573],[-9.1327314634163965,38.720101295060317],[-9.1323800374849586,38.720296170904504],[-9.1320777319378372,38.720468105368575],[-9.1319865484739147,38.720525635051189],[-9.131930853906999,38.72057205200484],[-9.1318801854813145,38.72064905189729],[-9.1318465983258683,38.720714195596429],[-9.1317968084290779,38.720854243132074],[-9.131576951049226,38.721579452265836],[-9.1314479090335663,38.721973297066931],[-9.1314420281607482,38.722046311131535],[-9.1314499553272057,38.722120107168394],[-9.1314586311910322,38.722165072489162],[-9.1314776169761451,38.722207246499146],[-9.1315071007161173,38.72226014031078],[-9.1315351453532845,38.722292329177911],[-9.1315806000007242,38.722336078690624],[-9.1316630955308753,38.72239752667123],[-9.1321077222526892,38.722700888712573],[-9.1323851574704769,38.72288857850203],[-9.1317043544647145,38.723316225796069]]]},"properties":{"OBJECTID":34,"NOME":"Arroios"}},{"type":"Feature","id":35,"geometry":{"type":"Polygon","coordinates":[[[-9.1100539183661127,38.72413454393525],[-9.1100973531381353,38.724164253803821],[-9.1113707108888811,38.724936728839054],[-9.1114130326451797,38.724962406584304],[-9.1123601268787979,38.725536999285147],[-9.1126797056018525,38.725714924651541],[-9.1126984772869442,38.725725396665396],[-9.1128046591912071,38.725695049284383],[-9.1128258502964901,38.725689016567912],[-9.1128414283542583,38.725684562229368],[-9.1128945755555346,38.725669342975259],[-9.1130902318946188,38.72579948479477],[-9.1131166906893721,38.725817097710667],[-9.1131781746061424,38.725856486316552],[-9.1132651845372479,38.725904037310251],[-9.1135405784835566,38.726054497272585],[-9.1138077656254044,38.726201692505207],[-9.1141699639321008,38.726401233646158],[-9.1142384548870918,38.726448399742495],[-9.1143099336826801,38.726516348035162],[-9.114349412839287,38.726573576158628],[-9.1143778839515655,38.726637292266417],[-9.1144173944719782,38.726751359857282],[-9.1144377935943055,38.726813342128246],[-9.1144942899349797,38.726992122972369],[-9.1145483267474194,38.72715921418127],[-9.1146119331849498,38.727353248666944],[-9.1146719414704442,38.727536502960291],[-9.1147383025251596,38.727746908580848],[-9.1147825385679564,38.727886878144332],[-9.1149479380711451,38.728409562320905],[-9.1149977045217767,38.728566960625884],[-9.1150553905398812,38.728748432604831],[-9.1150936178943152,38.728852602024993],[-9.1151422185593418,38.728958484965318],[-9.1151940099335391,38.72904542542819],[-9.1152655448999891,38.729146611699782],[-9.1153533146974812,38.729257570184643],[-9.1155616676461459,38.729524249684722],[-9.1155780369107333,38.729543928550044],[-9.1159630721872666,38.730031613311795],[-9.1160426717342222,38.730133632065247],[-9.1163667327926738,38.730535353363351],[-9.1165446903923684,38.73076535437405],[-9.1167189143001561,38.730974669298121],[-9.1167680252565493,38.731033707152157],[-9.1168240972813557,38.731097189445094],[-9.1168867847091946,38.73122367117675],[-9.1169489413840186,38.731395196721401],[-9.1170041373073794,38.731562276874548],[-9.1170964526031053,38.731836236475857],[-9.117128786931799,38.731929645308028],[-9.1171767630698142,38.732073365658323],[-9.1172089481633005,38.732155966269488],[-9.1172245776039524,38.732205378007997],[-9.1172477502221625,38.732301566290239],[-9.1172544648360336,38.732371770286214],[-9.1172634927610599,38.732442855592993],[-9.1172653606509577,38.732495085541643],[-9.1172492133562866,38.732575391568254],[-9.1172156827734199,38.732645935271712],[-9.1171756852819161,38.732748060965349],[-9.1185905045109639,38.73286096976603],[-9.1188597917027199,38.73288247647934],[-9.1188766878949217,38.732881883606368],[-9.1194968126503806,38.732859078274004],[-9.1203300102399609,38.732784293866253],[-9.1209815510090966,38.732996409082148],[-9.1215891256084785,38.733155747784473],[-9.1216849251371954,38.733180878538768],[-9.1220517903842904,38.733322885969486],[-9.122366890865365,38.733497038918664],[-9.12291745869328,38.73394122971829],[-9.1232870270482209,38.734278138812527],[-9.1244352250717107,38.735216012437611],[-9.1245244323632342,38.735288037647571],[-9.1252962549108645,38.735911484825365],[-9.1257260023770819,38.736406591951152],[-9.1260188748373636,38.737066084410941],[-9.1264037105358202,38.737738574851349],[-9.1264759631627186,38.737864792457152],[-9.1265585487443381,38.737838851485428],[-9.1270510446104041,38.737684062418268],[-9.1270987881895351,38.737669061009512],[-9.1274684451354844,38.737604303328382],[-9.1277517163510939,38.73755468403396],[-9.1282311495661776,38.737436539742369],[-9.1285740143989855,38.737352775769239],[-9.1285835524516248,38.737353124218096],[-9.1288669638921274,38.737363755513215],[-9.1288884579064895,38.73736249237259],[-9.1290463465495062,38.737353217647311],[-9.1291220600547884,38.737345919337486],[-9.1291352515752813,38.737344664739652],[-9.1291441875929333,38.73734381572315],[-9.1291624669404037,38.73734204755926],[-9.12976929074925,38.737304984711507],[-9.1311854891863309,38.737218480223198],[-9.1311778446821812,38.737000186870226],[-9.1311698565393247,38.736781906351268],[-9.1312074713578291,38.735743075212433],[-9.1312330313501757,38.735085561377403],[-9.1312397216863577,38.734731853753793],[-9.1312625651702195,38.734274327670889],[-9.1312850358024651,38.733824650583799],[-9.1314448832817607,38.73366735761207],[-9.1317259490776621,38.73299055605883],[-9.1317351027136109,38.732971183915147],[-9.1321749422883354,38.732044815711653],[-9.1328706267639905,38.730573581673241],[-9.1329417160427404,38.730427564159456],[-9.1330597319363136,38.730189930624924],[-9.1331145405196441,38.730079575694354],[-9.1330680879326369,38.730104651914999],[-9.1330618273360908,38.730108029371252],[-9.1330551889510296,38.730111611835014],[-9.1329661546390675,38.730159215205333],[-9.1328668605669439,38.730213211760521],[-9.1329704975969879,38.729646632997593],[-9.1329921573572825,38.729452763223065],[-9.1329978932845002,38.72940127562115],[-9.1330908746019634,38.729127005851751],[-9.1330586768265185,38.729026059828627],[-9.1330566979345296,38.729019805476163],[-9.1330540719930138,38.729011516375621],[-9.1329815695621885,38.728784221175154],[-9.1329521401059957,38.728742594391782],[-9.1328045358051444,38.728533728322269],[-9.1327944987592868,38.728534953650225],[-9.1327493953047867,38.728556682594466],[-9.1327037516450318,38.728578680971921],[-9.1326958638312892,38.728582461462786],[-9.1326856077840457,38.72858092774144],[-9.1326138117124795,38.728569922363434],[-9.1324820520251553,38.728464578487831],[-9.1322989228366005,38.728328687360126],[-9.13228002929959,38.728318224061184],[-9.1321586955395588,38.728251068753003],[-9.1320767511502421,38.728219808192584],[-9.1320422764014264,38.728206666643445],[-9.1319003714616578,38.728190135433898],[-9.1317644638638171,38.728191298327623],[-9.1316229626243253,38.728203678603442],[-9.1314317248228765,38.728236571917066],[-9.1313677947709486,38.728237118751586],[-9.1312854157701011,38.72822575343146],[-9.1312287685471301,38.728209864394195],[-9.1311636614306018,38.728169865020334],[-9.1311172458346963,38.728090362351821],[-9.131006293499949,38.727851883840998],[-9.1309776229891604,38.727802043895288],[-9.1309743522811786,38.727796404960365],[-9.1309656307334581,38.727781254298002],[-9.1306126224786084,38.727801029726749],[-9.1305920751709095,38.727802188710555],[-9.1305603924396266,38.727558527613546],[-9.1305124339846859,38.727368151821331],[-9.1304587894877169,38.727182418528585],[-9.1303347754550188,38.726815329121841],[-9.1302253887780864,38.726441628221984],[-9.1302442024760797,38.726373191652812],[-9.1302624992647541,38.726306534941493],[-9.1303029846771029,38.726159200880481],[-9.1303737247377015,38.725954569038294],[-9.1304692993544911,38.725674600482499],[-9.1308598442950704,38.725033418326305],[-9.131766856156263,38.723579906524286],[-9.1317043544647145,38.723316225796069],[-9.1316135227477542,38.723188297039194],[-9.1310778264520476,38.722406315652059],[-9.1306800559004202,38.721825919561553],[-9.1306636242230592,38.72180191864544],[-9.1306494208506148,38.721781051472448],[-9.1306117461491407,38.721726155511845],[-9.1305932988846426,38.721706046073464],[-9.1305785934225288,38.721690497826309],[-9.1305227473952311,38.721651790905746],[-9.1305066436497473,38.721643101470853],[-9.1304643572574857,38.721620312869447],[-9.1301216187743499,38.721457316497094],[-9.1300687616816116,38.721443355546207],[-9.1300217906701384,38.721430965798092],[-9.1296632283857129,38.721394934009361],[-9.1293566329012759,38.721746964723017],[-9.1293276343024878,38.721819725298737],[-9.1291511835819517,38.7222616241921],[-9.1291009552525573,38.722453288576965],[-9.1287784497722715,38.722430637992126],[-9.1287518621924537,38.722428703437515],[-9.1287101106463027,38.722866298934179],[-9.1287035959173881,38.722935354793648],[-9.1286747873220779,38.723237002062028],[-9.1284405809548463,38.723230262264757],[-9.1282957208359683,38.723240234947262],[-9.1281477936996023,38.723277797674506],[-9.1281180027265059,38.723285348518985],[-9.1280813407992731,38.72330331599732],[-9.1279185936360019,38.723383161453611],[-9.127869536853451,38.723402856658012],[-9.1278298578921575,38.72341877791682],[-9.12775239081801,38.723454388518],[-9.1275763755908699,38.723630460484848],[-9.1274567291353765,38.723849829256913],[-9.127155690913515,38.723642781347507],[-9.1264660872261594,38.723168536320351],[-9.1256644895176819,38.723083926441802],[-9.1253429785056799,38.723050088168392],[-9.1252851693805788,38.723043913869155],[-9.1239346327354287,38.722901443891338],[-9.1233411020593493,38.722878647394886],[-9.1229326826400339,38.722862924704465],[-9.1223470906513562,38.722840416257185],[-9.1216641570511001,38.722796659603901],[-9.1215262625433233,38.722819806590039],[-9.1213638517737454,38.722616163709063],[-9.1212762108913079,38.722506199398801],[-9.1211009342760647,38.722353469370688],[-9.1197679578032709,38.721489184316994],[-9.1193005142305381,38.72118614852053],[-9.1192064209938817,38.721125059805715],[-9.1190513173666101,38.721033859628427],[-9.1171889373985664,38.719938101375895],[-9.1162405902983288,38.719336623131269],[-9.1154882802670691,38.718859506828288],[-9.1154736936978562,38.718849757641955],[-9.1090257288015604,38.714539874929621],[-9.1071647085571552,38.716742346546461],[-9.1055822323615914,38.719940175980362],[-9.1048091586384015,38.720546717490762],[-9.1100539183661127,38.72413454393525]]]},"properties":{"OBJECTID":35,"NOME":"Penha de França"}},{"type":"Feature","id":36,"geometry":{"type":"Polygon","coordinates":[[[-9.10260559051979,38.733651732450653],[-9.1026559518500267,38.733666336309888],[-9.1034392806806608,38.734033920565764],[-9.1035125460904727,38.734068352143936],[-9.1035154085011882,38.734118322118945],[-9.1035257815002169,38.734298211656011],[-9.1038788611502781,38.73441796196996],[-9.1039583506327073,38.734444954213629],[-9.1038916065826925,38.734687909653132],[-9.1037132784873389,38.735361376432422],[-9.103602568617724,38.735763235377483],[-9.1039576059460163,38.735823246908531],[-9.1041870794929061,38.735868178210318],[-9.1041161591293687,38.736066039852702],[-9.1040199622056619,38.73629978258478],[-9.1040995434386005,38.736319801855274],[-9.1043128294081441,38.736372587109699],[-9.1044053512878111,38.736396147746063],[-9.1045669488534759,38.736435923156364],[-9.1047727893824764,38.73648672465427],[-9.1055059600767851,38.736663016815214],[-9.1056642236433021,38.736857725964178],[-9.1062306956742205,38.737487694709721],[-9.1067720526424782,38.7363295482985],[-9.1069677345339208,38.735910763519215],[-9.1077573756660257,38.734221149791978],[-9.1081846175989138,38.73444908206104],[-9.1086136047886228,38.734703660596729],[-9.1087534322812225,38.734786624515657],[-9.1087591157824068,38.734781712826582],[-9.1088996973324292,38.734658391707455],[-9.1090110969396036,38.73457945264034],[-9.1092070121019493,38.734440535057992],[-9.1094048531511778,38.734257372388058],[-9.1104092697560226,38.734684403044845],[-9.1106524737937793,38.734774695734991],[-9.110975322729157,38.734894587253592],[-9.1116528094183309,38.735146081964395],[-9.1125903877912879,38.735418539406403],[-9.1129139233083141,38.735512477101182],[-9.1129230460180732,38.735515193076203],[-9.1133683567197323,38.735549106266376],[-9.1134800331089831,38.735641848894204],[-9.1134731264975635,38.735674965709094],[-9.1134660084417032,38.735709525556295],[-9.113469865768991,38.735739219184715],[-9.1134865202795563,38.735779614032339],[-9.1135220172949296,38.735852279184492],[-9.1135505407932964,38.735919598090916],[-9.1135788673115705,38.735972506046714],[-9.1136109283711004,38.736020968813158],[-9.1136458084764467,38.736073731702007],[-9.1137291324814083,38.736195537988166],[-9.1137666958423118,38.736251070769178],[-9.1138112205914652,38.736311049069968],[-9.113844196565033,38.736367521097705],[-9.1138724361026302,38.736414124196642],[-9.113919496176651,38.736491196136512],[-9.1139416164391065,38.736510827849635],[-9.1139774992654221,38.736527640815339],[-9.1140480287738601,38.736554972477954],[-9.1141416807650621,38.736591117015926],[-9.1141949251540311,38.736615891290718],[-9.1142399461698069,38.736628123543682],[-9.1142802810862982,38.736634089603392],[-9.1143240524331119,38.736639126917552],[-9.1143815998173086,38.736642246098562],[-9.1144667339553234,38.736644231970011],[-9.1145518546319053,38.736645318006218],[-9.1146059767983552,38.73665026740855],[-9.1146797592862665,38.73666315878215],[-9.1147629017746024,38.736687680836681],[-9.1149349614115156,38.736738478739433],[-9.1150481387950411,38.736772656972924],[-9.115083923334435,38.736782264126226],[-9.1151242584142409,38.736788230793152],[-9.1151599442920315,38.736790632456234],[-9.1151956178489648,38.736792134325725],[-9.1152185789615476,38.736789238154984],[-9.1152437794827463,38.736781820130588],[-9.1152619938627701,38.736768155289944],[-9.1152847205846541,38.736748147024173],[-9.1153459156774712,38.736681874484681],[-9.1153541762971457,38.736697118450984],[-9.1153716477976392,38.736713184904573],[-9.1153834748853786,38.736720201738422],[-9.115412229620862,38.736737165137981],[-9.1154399767842715,38.736747740509387],[-9.115456177446827,38.736754990818277],[-9.1156655042665893,38.736923295581811],[-9.1158027072179753,38.737032035542732],[-9.1158387758848871,38.737062358173141],[-9.1158610337766444,38.737091897016406],[-9.1158788017446231,38.737129579784543],[-9.1158874575443622,38.737173645568475],[-9.1158940109103845,38.737232140716422],[-9.1158962371389567,38.737310490455094],[-9.1159039405001288,38.737368975932483],[-9.115913292872257,38.737446994618466],[-9.1163700648447783,38.737602675484162],[-9.1164492149530965,38.737629482777059],[-9.1165483496897615,38.737670983965813],[-9.1169009300538608,38.737818622377745],[-9.1169788959429727,38.737851294388925],[-9.1170315858635167,38.737877513282619],[-9.1174366629080676,38.73807893462925],[-9.1174489380386188,38.738085045790228],[-9.1174608657154774,38.738090980619226],[-9.117489827992074,38.738106230256513],[-9.1175043139541057,38.738164388260479],[-9.1175153313414352,38.738237888844594],[-9.1175220493893114,38.738283141835105],[-9.1175616335178287,38.738401710500234],[-9.1176048272340928,38.738573665391101],[-9.1176307489938768,38.738677216779045],[-9.1176549631960189,38.738757001777167],[-9.117683119541935,38.738813963666225],[-9.1177839176266957,38.739018040837131],[-9.1178650521690106,38.739096985073793],[-9.1180780297866164,38.739304079430781],[-9.1183346078702918,38.739553591459355],[-9.1193162645939108,38.740464815319065],[-9.1201040820099255,38.741170762429576],[-9.1203393468634619,38.741009595079611],[-9.1203450780124058,38.74100566068477],[-9.1207151241608191,38.740751864033271],[-9.1210092976841075,38.740691978321465],[-9.1211890848538548,38.740655349684339],[-9.121454675631913,38.740601265012288],[-9.1215490761937961,38.740604788764315],[-9.1216472649985327,38.740612288901005],[-9.1217702432641588,38.740623299535635],[-9.1219510906624262,38.740640903390741],[-9.1220765121894232,38.740653098285357],[-9.122308727773758,38.740675680693712],[-9.1225417355412315,38.740697399286915],[-9.1227472967737295,38.740707753972131],[-9.1229156611181565,38.740715550669684],[-9.1231378342463518,38.740718828849914],[-9.1231891924175734,38.74071967116636],[-9.1232511024140504,38.740716951550411],[-9.1233432558641159,38.740702159191137],[-9.123467517847093,38.740656362612498],[-9.12357911661881,38.740598090125637],[-9.1236994075447164,38.74052296223028],[-9.1238933866995406,38.740347068375009],[-9.1238800013440962,38.73997543918307],[-9.1238886971369286,38.739674765986599],[-9.1238957494850776,38.739596753089373],[-9.1239003880797966,38.739544821290764],[-9.1237964661174402,38.739480980622204],[-9.1236544100880135,38.739374327071729],[-9.1236313938987923,38.739351457481263],[-9.123592994597816,38.739302190986145],[-9.1234189534859702,38.73913396108928],[-9.1232269997923847,38.738935737842446],[-9.1232248751170744,38.738933544409079],[-9.1232287403222223,38.738931434456674],[-9.123736869572916,38.738654096542533],[-9.1247753486234586,38.738282168965348],[-9.1249322355821683,38.738225981830368],[-9.1256163882742207,38.738038112496994],[-9.1258631562751642,38.737970351494454],[-9.1262641370349034,38.737901281647609],[-9.1264759631627186,38.737864792457152],[-9.1264037105358202,38.737738574851349],[-9.1260188748373636,38.737066084410941],[-9.1257260023770819,38.736406591951152],[-9.1252962549108645,38.735911484825365],[-9.1245244323632342,38.735288037647571],[-9.1244352250717107,38.735216012437611],[-9.1232870270482209,38.734278138812527],[-9.12291745869328,38.73394122971829],[-9.122366890865365,38.733497038918664],[-9.1220517903842904,38.733322885969486],[-9.1216849251371954,38.733180878538768],[-9.1215891256084785,38.733155747784473],[-9.1209815510090966,38.732996409082148],[-9.1203300102399609,38.732784293866253],[-9.1194968126503806,38.732859078274004],[-9.1188766878949217,38.732881883606368],[-9.1188597917027199,38.73288247647934],[-9.1185905045109639,38.73286096976603],[-9.1171756852819161,38.732748060965349],[-9.1172156827734199,38.732645935271712],[-9.1172492133562866,38.732575391568254],[-9.1172653606509577,38.732495085541643],[-9.1172634927610599,38.732442855592993],[-9.1172544648360336,38.732371770286214],[-9.1172477502221625,38.732301566290239],[-9.1172245776039524,38.732205378007997],[-9.1172089481633005,38.732155966269488],[-9.1171767630698142,38.732073365658323],[-9.117128786931799,38.731929645308028],[-9.1170964526031053,38.731836236475857],[-9.1170041373073794,38.731562276874548],[-9.1169489413840186,38.731395196721401],[-9.1168867847091946,38.73122367117675],[-9.1168240972813557,38.731097189445094],[-9.1167680252565493,38.731033707152157],[-9.1167189143001561,38.730974669298121],[-9.1165446903923684,38.73076535437405],[-9.1163667327926738,38.730535353363351],[-9.1160426717342222,38.730133632065247],[-9.1159630721872666,38.730031613311795],[-9.1155780369107333,38.729543928550044],[-9.1155616676461459,38.729524249684722],[-9.1153533146974812,38.729257570184643],[-9.1152655448999891,38.729146611699782],[-9.1151940099335391,38.72904542542819],[-9.1151422185593418,38.728958484965318],[-9.1150936178943152,38.728852602024993],[-9.1150553905398812,38.728748432604831],[-9.1149977045217767,38.728566960625884],[-9.1149479380711451,38.728409562320905],[-9.1147825385679564,38.727886878144332],[-9.1147383025251596,38.727746908580848],[-9.1146719414704442,38.727536502960291],[-9.1146119331849498,38.727353248666944],[-9.1145483267474194,38.72715921418127],[-9.1144942899349797,38.726992122972369],[-9.1144377935943055,38.726813342128246],[-9.1144173944719782,38.726751359857282],[-9.1143778839515655,38.726637292266417],[-9.114349412839287,38.726573576158628],[-9.1143099336826801,38.726516348035162],[-9.1142384548870918,38.726448399742495],[-9.1141699639321008,38.726401233646158],[-9.1138077656254044,38.726201692505207],[-9.1135405784835566,38.726054497272585],[-9.1132651845372479,38.725904037310251],[-9.1131781746061424,38.725856486316552],[-9.1131166906893721,38.725817097710667],[-9.1130902318946188,38.72579948479477],[-9.1128945755555346,38.725669342975259],[-9.1128414283542583,38.725684562229368],[-9.1128258502964901,38.725689016567912],[-9.1128046591912071,38.725695049284383],[-9.1126984772869442,38.725725396665396],[-9.1126797056018525,38.725714924651541],[-9.1123601268787979,38.725536999285147],[-9.1114130326451797,38.724962406584304],[-9.1113707108888811,38.724936728839054],[-9.1100973531381353,38.724164253803821],[-9.1100539183661127,38.72413454393525],[-9.1048091586384015,38.720546717490762],[-9.102163199751871,38.72262250510834],[-9.0997543532426342,38.724871740902032],[-9.0981042512863297,38.728123173760032],[-9.0965890437050749,38.731906822198539],[-9.10260559051979,38.733651732450653]]]},"properties":{"OBJECTID":36,"NOME":"Beato"}},{"type":"Feature","id":37,"geometry":{"type":"Polygon","coordinates":[[[-9.1577247281667411,38.738857306153442],[-9.1587014663085942,38.73844619629822],[-9.1588999800845539,38.738362564123733],[-9.1589150512567983,38.738356214653656],[-9.1593287752487562,38.738181915270395],[-9.1594240296276244,38.738141785874163],[-9.1594606972889956,38.738126337960431],[-9.1598055627417931,38.737981045897783],[-9.1598930191125341,38.737966316462121],[-9.1599439462878447,38.737957738630129],[-9.1599593126872652,38.737955151709883],[-9.1601108618997511,38.737929627060467],[-9.1602276775124452,38.737909953546506],[-9.160549969846457,38.737970569693893],[-9.1607069207867404,38.738000087843808],[-9.1629352056978668,38.738419147877245],[-9.1637076499685559,38.738564405863208],[-9.1637837567523022,38.738578235646841],[-9.1646261580306572,38.738731303822327],[-9.1659177515845602,38.738965981328754],[-9.1659301274423317,38.73897200361354],[-9.1664255306233429,38.739213073515458],[-9.1666666798645071,38.739386139394362],[-9.1670363597767341,38.739674815786756],[-9.1672258682827348,38.739941811533974],[-9.1673456375656031,38.740110551345673],[-9.1674397846762687,38.740243192767139],[-9.1683194573725899,38.741396133008578],[-9.1684377901220344,38.741551222181805],[-9.168453191208684,38.741568767237816],[-9.1685422206094955,38.741670188673268],[-9.1688461958380607,38.741496711639314],[-9.1697884724860881,38.74095895120653],[-9.1698874034592297,38.740896198973594],[-9.1699195362524488,38.740875815689868],[-9.1701744229828321,38.740686189900941],[-9.1703882339650953,38.740519446744294],[-9.1705096910852042,38.740408472441736],[-9.1706479938048062,38.740269424214354],[-9.1707494551502862,38.740207269432346],[-9.1710198761920854,38.739820232402558],[-9.1710545339116507,38.739751465143307],[-9.1712055106273471,38.739455568345022],[-9.1712918523047264,38.739223300247673],[-9.1714145602328845,38.739198789075637],[-9.1715385223961441,38.739181471997419],[-9.1716797983071601,38.739168504873732],[-9.1718005855464444,38.739170132173399],[-9.1719215282248356,38.739182567364672],[-9.172114058105663,38.739214181566723],[-9.1723126905314061,38.739270063241953],[-9.1725474166939183,38.739356249348816],[-9.1727472005128217,38.739439533572927],[-9.1732380478920845,38.739185422103041],[-9.173864930025454,38.738860879483823],[-9.1742712823398413,38.736544861052415],[-9.1744860716236545,38.734398100143601],[-9.1743023621146929,38.734296948165429],[-9.1741859651160791,38.734141815980379],[-9.1741555528282177,38.733986432292923],[-9.1741346688423864,38.733879696142537],[-9.1742601507833985,38.733671393805018],[-9.1743034576477847,38.733626145440681],[-9.1743075313983908,38.733621888983457],[-9.1744783531990599,38.733443404754702],[-9.1746252329731384,38.733260899009665],[-9.1746765180328058,38.733207475970858],[-9.1747677464880937,38.733112440180562],[-9.1749488109334507,38.732945945302561],[-9.1749603297974431,38.732935348508008],[-9.1749942584362643,38.732911868941933],[-9.1751496710272438,38.732804297460206],[-9.1753307805050124,38.732716115742136],[-9.1756046284160462,38.73263115845964],[-9.1757788836792535,38.732601497150014],[-9.1758435557303013,38.732594803062803],[-9.1759169076260658,38.732587202788402],[-9.1760901750386257,38.732568630370423],[-9.1762129804796206,38.732567532807643],[-9.176330382583691,38.732588615596399],[-9.1763725606840136,38.732596192200596],[-9.1765296386386321,38.732618928536517],[-9.1765920932758966,38.732629774073658],[-9.1771247841512178,38.732722240283067],[-9.1775690184328411,38.732805380439189],[-9.177576042355982,38.732806692277038],[-9.1775832404225213,38.73280803768904],[-9.1776274435795724,38.732816297455372],[-9.1778332365978255,38.732834623378686],[-9.1779883311835047,38.732840351562245],[-9.1780533316115545,38.73283409470119],[-9.178118330877588,38.732827837814426],[-9.1782481328455763,38.732809650752607],[-9.1792649416034191,38.732491798235976],[-9.1799504762268995,38.732256809821592],[-9.1801504708372512,38.732015885805836],[-9.1800081347683733,38.731638358527398],[-9.1794117235034314,38.731117563036243],[-9.1783161813049556,38.730089231612816],[-9.1760105524827758,38.72803338233642],[-9.1756141233540767,38.727793353346456],[-9.174941466227347,38.727696839847482],[-9.174285981256272,38.727345180780787],[-9.174163772233733,38.727204758573521],[-9.1739753689494581,38.726911316589891],[-9.1738929616613625,38.726769395695257],[-9.1738619242554353,38.726698961304521],[-9.1738533465406391,38.726637270848641],[-9.1738582660128198,38.726518387398862],[-9.1739080293462081,38.726381925835121],[-9.1740523274391652,38.726064375443798],[-9.1741393151296382,38.725917763754474],[-9.1742379472233573,38.725763040316473],[-9.1744622367143531,38.725426913510326],[-9.1746936577450882,38.72521201163449],[-9.1748046372100802,38.725158461071459],[-9.1748130987051812,38.725154377179656],[-9.1753493642344406,38.724969434088081],[-9.1767352146618197,38.724610178213375],[-9.1772257997808406,38.72448299721934],[-9.1772861999363489,38.724459036435789],[-9.1779793292745726,38.724184041072249],[-9.1780737914044241,38.724089379089563],[-9.1781305129060566,38.724032531564369],[-9.1781297839469183,38.724008380827676],[-9.1781249373596676,38.723847829491618],[-9.1781221859085846,38.723759036679674],[-9.177999144662591,38.723729799840768],[-9.177929081983029,38.723713194017449],[-9.1778393631149005,38.723691919390355],[-9.1756638385558293,38.72317550246099],[-9.1750230179884547,38.723023352860757],[-9.1749630538751372,38.723009135109415],[-9.1749152095960707,38.722997780111982],[-9.1740849826539712,38.722800552415286],[-9.1733102682582768,38.722616373583271],[-9.1732196859460053,38.72259483914474],[-9.1726519694596629,38.72245986700964],[-9.172262763012899,38.722379925287399],[-9.17214209990893,38.722355142521593],[-9.1719748692232042,38.722335716064784],[-9.171953033450265,38.722333179820772],[-9.1717444659670537,38.722308947137932],[-9.1716775822636922,38.722301175739297],[-9.1716236808049345,38.722301369926321],[-9.17134437834655,38.722302375233411],[-9.1712354865491736,38.722302766639011],[-9.1710464504330904,38.722316176055593],[-9.1708500742204642,38.722330109723416],[-9.1708400732612265,38.722331497431391],[-9.1701607632781954,38.722452002680271],[-9.1695915878326009,38.722552966905013],[-9.1690122924496791,38.722655717819983],[-9.1684058662633419,38.722774065437342],[-9.1661221045679877,38.7232197223775],[-9.16609801486692,38.723224446374481],[-9.164632303901735,38.723497645219702],[-9.1629748361686207,38.723806566658872],[-9.1606355603860035,38.72426586344563],[-9.1598628296023819,38.724417560410259],[-9.1588451555263521,38.724624719229631],[-9.1574751884470569,38.724802495047413],[-9.1563747966846805,38.724870788460095],[-9.156424374062734,38.724902504460545],[-9.1570244482184506,38.725286385338656],[-9.157912883802716,38.726214489279137],[-9.1595710851734626,38.727946629687018],[-9.1597144082478792,38.728096886879953],[-9.1600082778726648,38.728405428120638],[-9.1598801863532593,38.728496130062254],[-9.1590901061486676,38.729055592474516],[-9.157279404672952,38.73033770425851],[-9.1554751415337918,38.73162236201793],[-9.157184177509226,38.73295198840556],[-9.1571988852757951,38.732963425637003],[-9.1572039708520503,38.732967381470353],[-9.1584554036696968,38.733899850226557],[-9.1591236315800018,38.73362534957591],[-9.1592433591866875,38.733822924393081],[-9.1590687733230212,38.734303986846051],[-9.1587735830564174,38.734303156086732],[-9.1585287449126778,38.734459440954282],[-9.1584725612197264,38.734658595544431],[-9.1582715295752415,38.734617873233901],[-9.1582651351388762,38.734616578135196],[-9.1578346065019804,38.735769121837826],[-9.1576522692733295,38.736135177523273],[-9.157904091466369,38.736252680760742],[-9.1576315519794846,38.736619712707984],[-9.157710439461578,38.736659911475968],[-9.1577363325201162,38.73667310530152],[-9.1574563470656027,38.737109367019805],[-9.1572156072255044,38.737194477369052],[-9.1564348141646086,38.737452473816532],[-9.1564203210481079,38.737457263153594],[-9.1573295578233083,38.738433168919926],[-9.1577247281667411,38.738857306153442]]]},"properties":{"OBJECTID":37,"NOME":"Campolide"}},{"type":"Feature","id":38,"geometry":{"type":"Polygon","coordinates":[[[-9.1455128581490666,38.745008667939814],[-9.1463514232629954,38.744851513141263],[-9.1475237733178894,38.744631793514031],[-9.1475766657667439,38.744931202701096],[-9.1475940575689858,38.745002025410855],[-9.1476437786466231,38.745204499907615],[-9.1476454093746042,38.745211143446149],[-9.1476505234575267,38.745231961209086],[-9.1483189518916284,38.747953187704134],[-9.1483566981506783,38.748106845148001],[-9.1483937915061784,38.748257842828615],[-9.1484174594651133,38.748254177331333],[-9.1484502863240067,38.748248915349457],[-9.1494596526939898,38.748119604564359],[-9.1502602999559386,38.748003546033786],[-9.1503682840622673,38.747987893789656],[-9.1512897422770365,38.747854328419379],[-9.1515067139304342,38.747822877171366],[-9.1535436451656835,38.747496116269382],[-9.1554752959950019,38.747207894476368],[-9.1566473481501678,38.746965747439383],[-9.1566946302682908,38.746955977857311],[-9.1572466676342597,38.746809091476365],[-9.1578075352431139,38.746659853308437],[-9.1582483831665034,38.74650528220144],[-9.1589377632317497,38.746277749473222],[-9.1598202222805316,38.745986478143479],[-9.1617606526210569,38.745237082844518],[-9.1617857564190075,38.745227388383348],[-9.1618157528733661,38.745214539552919],[-9.1619002697149288,38.745178339980825],[-9.1619995657858464,38.745135812868405],[-9.1620218066924437,38.745126284980138],[-9.166481021891288,38.743216357056959],[-9.1663473938319679,38.743139937702622],[-9.1659602544211083,38.742918543599032],[-9.1630784633020603,38.741270441263488],[-9.1628617321671388,38.741146486117181],[-9.1628434125629941,38.741136008351198],[-9.162290124545402,38.740879763890234],[-9.1622532074726379,38.740862665973516],[-9.1622334625653217,38.740853521208138],[-9.1621469580999424,38.740813457469173],[-9.1617669215225543,38.740795549403877],[-9.1601846303443484,38.740809485713427],[-9.1589555473093416,38.740876563373668],[-9.1589459402356539,38.740861545146885],[-9.1589345789726586,38.740843779610366],[-9.1588662954212463,38.740737030647615],[-9.1587887657991338,38.740635735949219],[-9.1586216575348978,38.740417417221472],[-9.1575024319802729,38.738951671322774],[-9.1577247281667411,38.738857306153442],[-9.1573295578233083,38.738433168919926],[-9.1564203210481079,38.737457263153594],[-9.1564348141646086,38.737452473816532],[-9.1572156072255044,38.737194477369052],[-9.1574563470656027,38.737109367019805],[-9.1577363325201162,38.73667310530152],[-9.157710439461578,38.736659911475968],[-9.1576315519794846,38.736619712707984],[-9.157904091466369,38.736252680760742],[-9.1576522692733295,38.736135177523273],[-9.1578346065019804,38.735769121837826],[-9.1582651351388762,38.734616578135196],[-9.1582715295752415,38.734617873233901],[-9.1584725612197264,38.734658595544431],[-9.1585287449126778,38.734459440954282],[-9.1587735830564174,38.734303156086732],[-9.1590687733230212,38.734303986846051],[-9.1592433591866875,38.733822924393081],[-9.1591236315800018,38.73362534957591],[-9.1584554036696968,38.733899850226557],[-9.1572039708520503,38.732967381470353],[-9.1571988852757951,38.732963425637003],[-9.157184177509226,38.73295198840556],[-9.1554751415337918,38.73162236201793],[-9.157279404672952,38.73033770425851],[-9.1590901061486676,38.729055592474516],[-9.1598801863532593,38.728496130062254],[-9.1600082778726648,38.728405428120638],[-9.1597144082478792,38.728096886879953],[-9.1595710851734626,38.727946629687018],[-9.157912883802716,38.726214489279137],[-9.1570244482184506,38.725286385338656],[-9.156424374062734,38.724902504460545],[-9.1563747966846805,38.724870788460095],[-9.1560946838482096,38.724888115538988],[-9.1537257395516853,38.725034625077626],[-9.1535350610732404,38.725046420757565],[-9.1535245911937473,38.725047067930987],[-9.1510892807982422,38.725196024722052],[-9.151072216033679,38.725197068699337],[-9.1501551823857046,38.725253151424354],[-9.1500268339028157,38.725261000441563],[-9.1495601813517666,38.726019078397314],[-9.1494766453181384,38.726154779444983],[-9.1482209710245765,38.728194529065554],[-9.1481292499225688,38.728345477547819],[-9.148125229043254,38.728352097207271],[-9.1473298912331629,38.729661972064925],[-9.146316528318275,38.731330839748104],[-9.1454656687239417,38.732703923440667],[-9.1448226905411421,38.733741494959716],[-9.1451423989656142,38.73513997595947],[-9.1434942065230729,38.735156833373779],[-9.1434142227836332,38.735157652596179],[-9.1428095071804112,38.735177865638917],[-9.1416218480513152,38.735217560339983],[-9.1416268056943455,38.73524084521295],[-9.1418054270077214,38.736079601805905],[-9.1419570702916193,38.736791648550032],[-9.1420886463426001,38.737409460513994],[-9.1422658873474987,38.738241677453551],[-9.1423629970495011,38.738685012568666],[-9.142435901252691,38.739030633139173],[-9.1424244762886406,38.739034095320754],[-9.141904611665332,38.739186475666145],[-9.1422553909178177,38.739911992802092],[-9.1433706906152175,38.741598482379061],[-9.1434943678694971,38.741785495397536],[-9.1435177487678452,38.741820844554852],[-9.1438900196359718,38.742383724890566],[-9.1445039700908914,38.743497893626433],[-9.1450745116165582,38.744507879764399],[-9.1451057278320178,38.744562910433665],[-9.1451976077225368,38.744663557600752],[-9.1452959768864428,38.744771253882639],[-9.1453863585397368,38.744870187967265],[-9.1454138121038451,38.744900246273552],[-9.145472113158343,38.744964077129012],[-9.1455128581490666,38.745008667939814]]]},"properties":{"OBJECTID":38,"NOME":"Avenidas Novas"}},{"type":"Feature","id":39,"geometry":{"type":"Polygon","coordinates":[[[-9.1201040820099255,38.741170762429576],[-9.1202942216556,38.741314267103043],[-9.1203232637719154,38.74133617846055],[-9.1203626814998273,38.741365935401113],[-9.1204717092531151,38.741457536933552],[-9.1207920646619893,38.741726757932092],[-9.120918078118887,38.741865604956111],[-9.1209386512917998,38.741888307453209],[-9.1209604963348294,38.74191241163004],[-9.121016424911355,38.741974014812627],[-9.121132835219397,38.742091661692079],[-9.1215559355143565,38.742472866975952],[-9.1220866475293203,38.742797270103345],[-9.1223053332378008,38.742949629636357],[-9.1226641015137844,38.743199256088957],[-9.1228908757150151,38.743322631714186],[-9.1232509906883994,38.743497674303072],[-9.1234359388671464,38.743587605678513],[-9.1234604817139449,38.743597414473207],[-9.1235230306995074,38.743622452397041],[-9.1236428338125304,38.743668905915492],[-9.1237184914135927,38.743684923880458],[-9.1237275066662544,38.743686833709248],[-9.1238837620671696,38.743715953199469],[-9.1240858182745459,38.743763420526911],[-9.1242809145317079,38.743849301061545],[-9.1243843900067443,38.743894830239576],[-9.1246437903663793,38.744021437894048],[-9.1248115594134056,38.744092885456148],[-9.1252371330842497,38.744333378721699],[-9.1252586045232995,38.744346618172983],[-9.1254053520582268,38.744437069712909],[-9.1255187655928918,38.744495376719392],[-9.1257505070836853,38.744651041838367],[-9.1258551121062013,38.744703315994208],[-9.125914057452098,38.744732792574574],[-9.1259429386997812,38.744749341500786],[-9.126167274370049,38.744878095573952],[-9.1264236477326204,38.745092820819423],[-9.1266135145307814,38.745198036665641],[-9.126693315816798,38.745245549448896],[-9.1267313515336088,38.74526819524133],[-9.1269192427149513,38.745380183264842],[-9.1269648843304019,38.745411072251748],[-9.1270131796102412,38.74544378886835],[-9.1270567942596834,38.745479714227955],[-9.1271293006667218,38.745539453840856],[-9.1271561167518467,38.745564550457857],[-9.1272280091711835,38.745631842906278],[-9.1272848054804694,38.745671894261001],[-9.1273111796249342,38.745690496337971],[-9.1273263479176894,38.745706841775146],[-9.1273595232857367,38.74574259908929],[-9.1273970323138567,38.74579308339402],[-9.1276718401441794,38.746084040079459],[-9.1276857164936835,38.746105000372211],[-9.1277757001718705,38.74624078644279],[-9.1279263038331688,38.74647514644446],[-9.1280892386000936,38.7466780539634],[-9.1281532676615882,38.746757947175681],[-9.1281613347632433,38.746767336739659],[-9.1283866727124039,38.7470323162011],[-9.1285146935205361,38.747205794491109],[-9.1288230082768074,38.747581126837886],[-9.1289140245889744,38.747708897910776],[-9.1289207345534216,38.747718368342454],[-9.1289490085082523,38.747758049324382],[-9.1290604197623946,38.747892950074025],[-9.1292243045553754,38.748091325898962],[-9.1292952863823107,38.748207735552448],[-9.1293742825620079,38.748288401283411],[-9.1294446206279041,38.748358961898809],[-9.129521317259794,38.748422713283134],[-9.1296130724975555,38.748477867959757],[-9.129724311803864,38.748536279413656],[-9.129817925948668,38.748576194821851],[-9.1298810772237573,38.748601057509426],[-9.1299143426063747,38.748611748977552],[-9.1299529458609481,38.748624133425935],[-9.1300462046914586,38.74863865046337],[-9.1300627746834913,38.748637502054962],[-9.1301004447263985,38.748635139567384],[-9.1301656894736247,38.74863468391495],[-9.1301904749204379,38.748634536440242],[-9.1302438816348896,38.74863421415651],[-9.130253188727945,38.748409317010491],[-9.1302613464650566,38.748212189132303],[-9.1302758104284649,38.74820378122407],[-9.1304116313799319,38.748124876628566],[-9.1304140308426742,38.74810329768335],[-9.130436770891059,38.747899196698512],[-9.1304417185593767,38.747861357568951],[-9.130445814741341,38.74783002936779],[-9.1304731134013544,38.747559562911036],[-9.130486746663621,38.747424419891622],[-9.1305557640648338,38.74675775755702],[-9.130566353746957,38.746623460198137],[-9.1305691420746893,38.746591890927853],[-9.1305756792276913,38.746517926667885],[-9.1304730343362586,38.746508425523892],[-9.1304476535837864,38.746506077556532],[-9.1304702761017271,38.745944686689185],[-9.1304707770220332,38.745932326351515],[-9.1308593728502547,38.745934917258857],[-9.1312343796140123,38.745937416635869],[-9.1312564304555313,38.745935815004209],[-9.1322265144915757,38.745865332296873],[-9.1346819268252766,38.745558300212537],[-9.1346888954185808,38.745557427992495],[-9.1348568353947428,38.745536426487355],[-9.1359946295256034,38.745469904125876],[-9.1366404101387548,38.745423817244671],[-9.1372495015414934,38.745386149950889],[-9.1379205951193505,38.745340739326792],[-9.1394225789088566,38.745244024274477],[-9.1396102164156066,38.74522832763531],[-9.1396626926754099,38.745223937526319],[-9.1397832486618888,38.745208484963577],[-9.1402289982066467,38.745170409037797],[-9.1402426218755348,38.745170843833399],[-9.1404959696887094,38.745178914258922],[-9.1414499288025617,38.745127437527856],[-9.1419338325161092,38.745103438502113],[-9.1425175524834863,38.745061458825951],[-9.1428601498685875,38.745062845110013],[-9.1433005313252451,38.745064626613825],[-9.1443701641535515,38.745068945945924],[-9.1445249152919761,38.745069569801402],[-9.1453699708057421,38.745011888984379],[-9.1455021644061532,38.745009068630296],[-9.1455128581490666,38.745008667939814],[-9.145472113158343,38.744964077129012],[-9.1454138121038451,38.744900246273552],[-9.1453863585397368,38.744870187967265],[-9.1452959768864428,38.744771253882639],[-9.1451976077225368,38.744663557600752],[-9.1451057278320178,38.744562910433665],[-9.1450745116165582,38.744507879764399],[-9.1445039700908914,38.743497893626433],[-9.1438900196359718,38.742383724890566],[-9.1435177487678452,38.741820844554852],[-9.1434943678694971,38.741785495397536],[-9.1433706906152175,38.741598482379061],[-9.1422553909178177,38.739911992802092],[-9.141904611665332,38.739186475666145],[-9.1424244762886406,38.739034095320754],[-9.142435901252691,38.739030633139173],[-9.1423629970495011,38.738685012568666],[-9.1422658873474987,38.738241677453551],[-9.1420886463426001,38.737409460513994],[-9.1419570702916193,38.736791648550032],[-9.1418054270077214,38.736079601805905],[-9.1416268056943455,38.73524084521295],[-9.1416218480513152,38.735217560339983],[-9.1391255852142628,38.735292435361707],[-9.1383657647465029,38.735343390641887],[-9.1380940963947399,38.735399056692415],[-9.1374503785473173,38.735626731042679],[-9.1371347799022296,38.735789335262375],[-9.1369731496147484,38.735876299864124],[-9.1366999814365428,38.736021260551333],[-9.1366786208772943,38.736032595666579],[-9.1365755831677138,38.736131666774916],[-9.1365192510427971,38.736289157296291],[-9.1364873007588798,38.73639734478197],[-9.136488028465573,38.736417871946678],[-9.1364941459208904,38.736590323507201],[-9.1365277339562176,38.736894317898063],[-9.136504202275443,38.736895746761512],[-9.1344251083186716,38.737021922189726],[-9.1338893676542234,38.737054432679223],[-9.1329780134566629,38.737109733659089],[-9.1311854891863309,38.737218480223198],[-9.12976929074925,38.737304984711507],[-9.1291624669404037,38.73734204755926],[-9.1291441875929333,38.73734381572315],[-9.1291352515752813,38.737344664739652],[-9.1291220600547884,38.737345919337486],[-9.1290463465495062,38.737353217647311],[-9.1288884579064895,38.73736249237259],[-9.1288669638921274,38.737363755513215],[-9.1285835524516248,38.737353124218096],[-9.1285740143989855,38.737352775769239],[-9.1282311495661776,38.737436539742369],[-9.1277517163510939,38.73755468403396],[-9.1274684451354844,38.737604303328382],[-9.1270987881895351,38.737669061009512],[-9.1270510446104041,38.737684062418268],[-9.1265585487443381,38.737838851485428],[-9.1264759631627186,38.737864792457152],[-9.1262641370349034,38.737901281647609],[-9.1258631562751642,38.737970351494454],[-9.1256163882742207,38.738038112496994],[-9.1249322355821683,38.738225981830368],[-9.1247753486234586,38.738282168965348],[-9.123736869572916,38.738654096542533],[-9.1232287403222223,38.738931434456674],[-9.1232248751170744,38.738933544409079],[-9.1232269997923847,38.738935737842446],[-9.1234189534859702,38.73913396108928],[-9.123592994597816,38.739302190986145],[-9.1236313938987923,38.739351457481263],[-9.1236544100880135,38.739374327071729],[-9.1237964661174402,38.739480980622204],[-9.1239003880797966,38.739544821290764],[-9.1238957494850776,38.739596753089373],[-9.1238886971369286,38.739674765986599],[-9.1238800013440962,38.73997543918307],[-9.1238933866995406,38.740347068375009],[-9.1236994075447164,38.74052296223028],[-9.12357911661881,38.740598090125637],[-9.123467517847093,38.740656362612498],[-9.1233432558641159,38.740702159191137],[-9.1232511024140504,38.740716951550411],[-9.1231891924175734,38.74071967116636],[-9.1231378342463518,38.740718828849914],[-9.1229156611181565,38.740715550669684],[-9.1227472967737295,38.740707753972131],[-9.1225417355412315,38.740697399286915],[-9.122308727773758,38.740675680693712],[-9.1220765121894232,38.740653098285357],[-9.1219510906624262,38.740640903390741],[-9.1217702432641588,38.740623299535635],[-9.1216472649985327,38.740612288901005],[-9.1215490761937961,38.740604788764315],[-9.121454675631913,38.740601265012288],[-9.1211890848538548,38.740655349684339],[-9.1210092976841075,38.740691978321465],[-9.1207151241608191,38.740751864033271],[-9.1203450780124058,38.74100566068477],[-9.1203393468634619,38.741009595079611],[-9.1201040820099255,38.741170762429576]]]},"properties":{"OBJECTID":39,"NOME":"Areeiro"}},{"type":"Feature","id":40,"geometry":{"type":"Polygon","coordinates":[[[-9.1696976179426528,38.757317848225163],[-9.1706175109833641,38.757390455281119],[-9.1721863845690876,38.757514266889039],[-9.1748244163106367,38.757640338415257],[-9.1751976789079048,38.757637005491048],[-9.1758402146747287,38.757623068585396],[-9.1765033296012088,38.757592820465682],[-9.1768657746136952,38.757565257724501],[-9.1774557201513414,38.757495133330643],[-9.1782418746311976,38.757366390724926],[-9.1783699131410845,38.75734336394499],[-9.1784551221879944,38.757328040744994],[-9.1784796159762294,38.757323636642489],[-9.1784914617955646,38.757321503032884],[-9.1790483794805571,38.757221255690567],[-9.1796063129050136,38.757086451692118],[-9.1802363544454586,38.756926686964974],[-9.1806905247145281,38.756784602204661],[-9.1810412310633147,38.756663992904869],[-9.1812475053511093,38.75659305069501],[-9.1816654025049793,38.756426194421394],[-9.1824947140439974,38.756095063200675],[-9.1826237200903176,38.756032388767089],[-9.1828859349968948,38.755904993885999],[-9.1835956742792089,38.755525425546047],[-9.1843928975137015,38.755042350998181],[-9.1844383055728009,38.755014835380337],[-9.1851976825773143,38.754472431717801],[-9.1853585350757001,38.754343646701201],[-9.1855151891696565,38.754218221344132],[-9.1856346391963832,38.75412024700146],[-9.1859351800031792,38.753873750317616],[-9.18625527499821,38.753577318474989],[-9.1864047952422982,38.753438852557544],[-9.1864281532388556,38.753415762240166],[-9.1868232207740945,38.753025447633746],[-9.1869676394336253,38.75288276719828],[-9.187352139436511,38.752429630188054],[-9.1874427276159842,38.752306469985335],[-9.1878135608627396,38.751803113720861],[-9.1879035595162044,38.751665562205311],[-9.1881570715567236,38.751281972881948],[-9.1882688572442692,38.751082936217941],[-9.1885005088234895,38.750670484304187],[-9.188793261783001,38.750052148053285],[-9.188832271939356,38.749969752617105],[-9.1891025250122542,38.749318289893637],[-9.1892367872973892,38.74899058527312],[-9.1892395642479165,38.748983804326521],[-9.1893127029094401,38.748805279797779],[-9.1893742139888062,38.748458295412775],[-9.189421029708015,38.74819419941138],[-9.1895806040738357,38.747293997760153],[-9.1897101691528142,38.746238175199288],[-9.1897377607884305,38.746002642680651],[-9.1898032646751417,38.745523468245629],[-9.1898487844116072,38.745093025617706],[-9.1898294162398013,38.744788506986673],[-9.1898073865041283,38.74444215219296],[-9.1898066379435068,38.744430384848613],[-9.1897812293676733,38.744030902767328],[-9.1901738390222576,38.743946137514236],[-9.1901661588836703,38.74393145757648],[-9.1901591287719224,38.743918036456641],[-9.1891971448794649,38.741252480087041],[-9.189105380579683,38.741275142286561],[-9.1890249970953199,38.741294993856272],[-9.1887774539796325,38.741356125588197],[-9.1886388155575904,38.741360893353608],[-9.1885002274809899,38.741369082570088],[-9.1884297494684706,38.741371701516194],[-9.1883750429778956,38.741373727645644],[-9.1882453228664076,38.741374900480402],[-9.1881593458775548,38.741369200827918],[-9.1881065939216207,38.741365705413067],[-9.1880538776035774,38.74135720580972],[-9.1880034095175276,38.741349073229017],[-9.187855335902217,38.741322387942432],[-9.1877253189841976,38.741295558471087],[-9.1875726588036972,38.741261996201899],[-9.1874421126159032,38.741207138856787],[-9.1873059000543886,38.741151673996626],[-9.1872486472687296,38.741128356544365],[-9.1872384284673405,38.741123297128262],[-9.1870819247233548,38.741045820626944],[-9.1870095305124693,38.741012739989863],[-9.1869918371497672,38.741004648353432],[-9.186738606670076,38.74088646064547],[-9.1861674999024814,38.740619900665735],[-9.1860634944299893,38.740547335590271],[-9.1860006309377837,38.740504594053803],[-9.1859416372308793,38.740464478537852],[-9.1859061380292744,38.740418746692278],[-9.1858819761701334,38.74038760358092],[-9.1857909804927562,38.740262699140651],[-9.1857897446996564,38.740178685313111],[-9.1857776864953138,38.739968733309745],[-9.1857955008633585,38.739903779617627],[-9.1857988633857346,38.73989152572139],[-9.185809792181848,38.739850253445844],[-9.1858286107381222,38.739779201416482],[-9.1858497657686549,38.739747433971829],[-9.1859248219232281,38.739634749312522],[-9.1860040857392899,38.739550073458638],[-9.1861547950558666,38.739407561468994],[-9.1862732658636528,38.739295525865401],[-9.186431892551683,38.739133035796691],[-9.1864596344128717,38.739081495265779],[-9.1864754414162597,38.739052113429587],[-9.1864878152611276,38.738978498089125],[-9.1864781761339369,38.738933096348973],[-9.1864813017949896,38.738885236642901],[-9.1864891571957319,38.738764912318153],[-9.1864757562071517,38.738717877128394],[-9.1864702387096777,38.738698514990432],[-9.1864234877094191,38.738579686207814],[-9.1863103185403752,38.738468909828583],[-9.1862875211834911,38.738446064211615],[-9.1862376066154212,38.738396062005314],[-9.1861874237373584,38.738369212301322],[-9.1861475650098505,38.738347890451138],[-9.1853545631205371,38.737966339516653],[-9.1841853030056946,38.73741116139928],[-9.1839941590447634,38.737320400220767],[-9.1833951460271539,38.737042137342598],[-9.1829040826511292,38.736808480642672],[-9.1822938063784072,38.73660868131676],[-9.1821130553735095,38.736549503377482],[-9.1819152655139575,38.736488317057713],[-9.18169885736779,38.736444205113159],[-9.1816686753950592,38.736438051471794],[-9.1816127816200854,38.736421953209195],[-9.1814760191409981,38.736382535623903],[-9.1810441720053806,38.736258066112057],[-9.1790453804527665,38.735694724941041],[-9.1774866502842407,38.735250098035912],[-9.1772056398635975,38.735168921059724],[-9.1770868156135759,38.735134592350654],[-9.1760685859552638,38.73484698967313],[-9.1756450391016617,38.734727357817398],[-9.1744860716236545,38.734398100143601],[-9.1742712823398413,38.736544861052415],[-9.173864930025454,38.738860879483823],[-9.1732380478920845,38.739185422103041],[-9.1727472005128217,38.739439533572927],[-9.1725474166939183,38.739356249348816],[-9.1723126905314061,38.739270063241953],[-9.172114058105663,38.739214181566723],[-9.1719215282248356,38.739182567364672],[-9.1718005855464444,38.739170132173399],[-9.1716797983071601,38.739168504873732],[-9.1715385223961441,38.739181471997419],[-9.1714145602328845,38.739198789075637],[-9.1712918523047264,38.739223300247673],[-9.1712055106273471,38.739455568345022],[-9.1710545339116507,38.739751465143307],[-9.1710198761920854,38.739820232402558],[-9.1707494551502862,38.740207269432346],[-9.1706479938048062,38.740269424214354],[-9.1705096910852042,38.740408472441736],[-9.1703882339650953,38.740519446744294],[-9.1701744229828321,38.740686189900941],[-9.1699195362524488,38.740875815689868],[-9.1698874034592297,38.740896198973594],[-9.1697884724860881,38.74095895120653],[-9.1688461958380607,38.741496711639314],[-9.1685422206094955,38.741670188673268],[-9.168453191208684,38.741568767237816],[-9.1684377901220344,38.741551222181805],[-9.1683194573725899,38.741396133008578],[-9.1674397846762687,38.740243192767139],[-9.1673456375656031,38.740110551345673],[-9.1672258682827348,38.739941811533974],[-9.1670363597767341,38.739674815786756],[-9.1666666798645071,38.739386139394362],[-9.1664255306233429,38.739213073515458],[-9.1659301274423317,38.73897200361354],[-9.1659177515845602,38.738965981328754],[-9.1646261580306572,38.738731303822327],[-9.1637837567523022,38.738578235646841],[-9.1637076499685559,38.738564405863208],[-9.1629352056978668,38.738419147877245],[-9.1607069207867404,38.738000087843808],[-9.160549969846457,38.737970569693893],[-9.1602276775124452,38.737909953546506],[-9.1601108618997511,38.737929627060467],[-9.1599593126872652,38.737955151709883],[-9.1599439462878447,38.737957738630129],[-9.1598930191125341,38.737966316462121],[-9.1598055627417931,38.737981045897783],[-9.1594606972889956,38.738126337960431],[-9.1594240296276244,38.738141785874163],[-9.1593287752487562,38.738181915270395],[-9.1589150512567983,38.738356214653656],[-9.1588999800845539,38.738362564123733],[-9.1587014663085942,38.73844619629822],[-9.1577247281667411,38.738857306153442],[-9.1575024319802729,38.738951671322774],[-9.1586216575348978,38.740417417221472],[-9.1587887657991338,38.740635735949219],[-9.1588662954212463,38.740737030647615],[-9.1589345789726586,38.740843779610366],[-9.1589459402356539,38.740861545146885],[-9.1589555473093416,38.740876563373668],[-9.1601846303443484,38.740809485713427],[-9.1617669215225543,38.740795549403877],[-9.1621469580999424,38.740813457469173],[-9.1622334625653217,38.740853521208138],[-9.1622532074726379,38.740862665973516],[-9.162290124545402,38.740879763890234],[-9.1628434125629941,38.741136008351198],[-9.1628617321671388,38.741146486117181],[-9.1630784633020603,38.741270441263488],[-9.1659602544211083,38.742918543599032],[-9.1663473938319679,38.743139937702622],[-9.166481021891288,38.743216357056959],[-9.1620218066924437,38.745126284980138],[-9.1620445485156345,38.74516135314078],[-9.1647858403748756,38.749388057483756],[-9.1651260404354655,38.749912560223514],[-9.1652687884168138,38.750079742354579],[-9.1652984754642439,38.750151547248734],[-9.1653365697171871,38.750243687803703],[-9.165386784963319,38.750365145334889],[-9.1653914213206633,38.750389786711757],[-9.1654004886496914,38.750437986737111],[-9.1654319828111408,38.750610957754986],[-9.1654342200467127,38.750623248079897],[-9.1654648847331632,38.750755391266551],[-9.1656342113811604,38.750963638099634],[-9.1658552447070853,38.751102338752865],[-9.166103715660066,38.751341548022289],[-9.166255517410157,38.751487430052073],[-9.166983268346101,38.752186793337174],[-9.1672193328577158,38.752363054292459],[-9.1676636765591297,38.752640359523646],[-9.1676790131057473,38.752649930592071],[-9.1677030936772912,38.75268143124871],[-9.1677364674025146,38.752725086751767],[-9.1678520029364776,38.752839361276109],[-9.167973395059331,38.752960790078035],[-9.1681634964537491,38.753140160179584],[-9.1684517269614911,38.753423148672226],[-9.1685136262483145,38.753487455683313],[-9.1686946186306795,38.753673211054483],[-9.1690364635725317,38.754018560592208],[-9.1693097131831927,38.754284781019678],[-9.1694543622687554,38.754423116878101],[-9.1696013514551886,38.754564134142086],[-9.1695933112878745,38.754644374051175],[-9.1695978052824856,38.754716396676393],[-9.1696480236758475,38.755244705225216],[-9.1696934597954431,38.755681177373965],[-9.1697157931158966,38.755947554566568],[-9.1697200263792649,38.755998038211494],[-9.1697226652251551,38.756029517812799],[-9.1697318631132205,38.756192013648935],[-9.1697803111895517,38.75704795072177],[-9.1697814224634637,38.757067589592445],[-9.1696976179426528,38.757317848225163]]]},"properties":{"OBJECTID":40,"NOME":"São Domingos de Benfica"}},{"type":"Feature","id":41,"geometry":{"type":"Polygon","coordinates":[[[-9.187352139436511,38.752429630188054],[-9.1873615580435004,38.752434530150005],[-9.1874322967331334,38.752471330290227],[-9.1880352243888392,38.75279376310317],[-9.1881665220399178,38.752864352118742],[-9.1882835286768376,38.752930142737107],[-9.1885815854253519,38.753102292020145],[-9.1893417752748388,38.753506139764234],[-9.1894967412679094,38.753590188108802],[-9.1899625841590726,38.753842840394668],[-9.1907025105882276,38.754248690968488],[-9.1912981673911336,38.75454414910245],[-9.1914270136111718,38.754622249281084],[-9.1916102265932995,38.754720573082054],[-9.1921278851627726,38.755108613704962],[-9.1925042502122931,38.755354711559029],[-9.1925827030452734,38.755447679676614],[-9.1929131453398778,38.755622131912446],[-9.1930001736565554,38.755672685350753],[-9.1931219890741946,38.755741839591273],[-9.1932192487816096,38.75578419305532],[-9.1932932106326568,38.755806941530949],[-9.1934754551148057,38.755839514255783],[-9.1937398883314074,38.755829004247268],[-9.1941678833958065,38.755754853286263],[-9.194287053578881,38.75575079065991],[-9.1943840472749727,38.755747483263775],[-9.1944668633596187,38.755746729433547],[-9.1945274861618635,38.755759032117567],[-9.1945603262660889,38.755765696896475],[-9.1945854059062722,38.755785415078762],[-9.1945960339743884,38.755793773267307],[-9.1946441319882215,38.755831591616435],[-9.1947075403971787,38.755918389470118],[-9.1946695257605882,38.755996060346014],[-9.1943926734362762,38.756561703928853],[-9.1940230161687815,38.757234339793676],[-9.1937654518640173,38.757593670666928],[-9.1937466814582969,38.757619856409427],[-9.1937006655848652,38.757684052753639],[-9.1937935894979503,38.75771611131983],[-9.1938533013272465,38.757736712478412],[-9.1942783877286658,38.757931016906802],[-9.1945169986419071,38.758040543154578],[-9.19528317090443,38.758272276318245],[-9.1953275869966991,38.758285320373524],[-9.1960596459797213,38.758500307606276],[-9.1973550391764576,38.758887543192927],[-9.1976394832806072,38.758984032938727],[-9.197887638892297,38.759038517810922],[-9.1980599122404776,38.759054826828681],[-9.1980916499415546,38.759027138648435],[-9.1981640207453417,38.759004592944684],[-9.1982832918470354,38.758986929848277],[-9.1986820373772904,38.758943283341232],[-9.1990868261915715,38.758898974132023],[-9.1996839193067306,38.758830555908482],[-9.1998211137513195,38.75881174132423],[-9.1999036747180796,38.758801347622089],[-9.1999670269860871,38.758775364683174],[-9.2000213598066516,38.758739110499583],[-9.2000830062817638,38.758676303933171],[-9.200110477808817,38.758643712484151],[-9.2001514690713737,38.75862315810474],[-9.2006918505067983,38.758431758479212],[-9.2014579708688355,38.75815758423866],[-9.2020975986642934,38.757933649047381],[-9.2023212463703246,38.757849364866487],[-9.2024425983618947,38.757817624553653],[-9.2025673173036964,38.757787563884101],[-9.2026787008188489,38.757758533106106],[-9.2027968784455201,38.757737271407066],[-9.2028557627084613,38.757713133861401],[-9.2029276887392992,38.757668694066176],[-9.2032976883464048,38.757439391421542],[-9.2036267158693548,38.757232348215112],[-9.203913443100225,38.757051096302412],[-9.2039722136513706,38.757019027883601],[-9.2040201615615906,38.757009854603169],[-9.2041277796738008,38.757021114541793],[-9.2046503781182683,38.757065414991992],[-9.2047646555582983,38.757075711608813],[-9.2048186755988493,38.757080173254742],[-9.2051418831458296,38.757107290570204],[-9.2054540915106564,38.757136848132447],[-9.2059208524412011,38.757178137657867],[-9.2060808044309734,38.757188919003397],[-9.2061858204866507,38.757180026199904],[-9.2062645854113523,38.757146876779863],[-9.2063448508067278,38.757052461504877],[-9.2064488254974606,38.756836129683848],[-9.2065318059467991,38.756700520171115],[-9.2066022871107229,38.756628889688876],[-9.2067222843090644,38.756576172856192],[-9.2068655002287816,38.756514414058806],[-9.2069301446364804,38.756492359094125],[-9.2069577512057208,38.756482936425094],[-9.2070673317188749,38.756479316388713],[-9.2071719210730727,38.75652645864011],[-9.2072361528253452,38.756552167466346],[-9.2073211585819497,38.756559222969926],[-9.2074181573453835,38.756545177336065],[-9.2075927656264529,38.756482319289319],[-9.2078361137727889,38.756377663335137],[-9.2079371722914054,38.756335569337907],[-9.2079802567728741,38.756301030908389],[-9.2080430555646284,38.75623910944303],[-9.2080604126298322,38.756207425265167],[-9.2080816259581173,38.756133726644016],[-9.20807511615509,38.756060282105608],[-9.2080168703170955,38.755904983154394],[-9.2079498262495694,38.755753193444214],[-9.2079299912993022,38.755696446658881],[-9.207913531259706,38.755642282892339],[-9.2079174171348104,38.755609906509832],[-9.2079325469784035,38.755575539593984],[-9.2080009985105793,38.755514558820323],[-9.2080262933142176,38.755490633910355],[-9.20814828374737,38.755424745020534],[-9.2085063365591342,38.755229671727989],[-9.2090020812646038,38.754957213234427],[-9.2090352898880923,38.754931508281238],[-9.2090617299753692,38.754907663583147],[-9.2090735505337395,38.754875128540945],[-9.2090675711590535,38.754852392991289],[-9.2089929423571579,38.754716522881381],[-9.208830940735643,38.754415897433937],[-9.2087653398279734,38.754291294782767],[-9.2087503040574745,38.754247657124289],[-9.2087511906258026,38.754230081981412],[-9.2087652236165614,38.754199325459936],[-9.2088326134877168,38.754144387381267],[-9.2089277071431379,38.754080457610485],[-9.2089696973417041,38.754042419451778],[-9.2089915515933569,38.75401159000667],[-9.2089820283466608,38.75397492860597],[-9.2088842140114142,38.75378909845611],[-9.2087717007747099,38.753581876687392],[-9.2087026856270544,38.753452079984513],[-9.2086923992685072,38.753425875512043],[-9.2086850846388213,38.753383062156658],[-9.2086875052760213,38.75333755325839],[-9.2087154507904678,38.75329117981709],[-9.208808353640265,38.753142596200711],[-9.2098591699889791,38.751619428968795],[-9.210068865838192,38.751320602035022],[-9.2101381530024398,38.751223757692493],[-9.210204147758855,38.751137398990366],[-9.2102701828853437,38.751053736810654],[-9.2103703691017191,38.751000117885553],[-9.2105507691516575,38.750910085912857],[-9.2111255041524807,38.750622569637869],[-9.2112523879558772,38.750554201175959],[-9.2114160674115606,38.750477563558064],[-9.2113355888613722,38.750388592022809],[-9.2112352968125197,38.750267370647087],[-9.2110410441351274,38.750009649670609],[-9.2108949709688712,38.749811838990027],[-9.2107007803773673,38.749566191787629],[-9.2105656272822625,38.749383049168074],[-9.2104643030227322,38.749254271868011],[-9.2102905712576355,38.749029691953545],[-9.210115837833964,38.748815388979722],[-9.2099517641866466,38.748598192404437],[-9.209860031826727,38.748479509491624],[-9.2095476574432773,38.748076501862627],[-9.2093060426878868,38.747751479006375],[-9.2092155637982493,38.747631786855671],[-9.2091215959138868,38.747517804363831],[-9.2089574147594675,38.747300704588767],[-9.2087607066724466,38.747039306313077],[-9.208667743261012,38.74691504710681],[-9.2084542680417858,38.74663993597391],[-9.2082637080167977,38.746389565247021],[-9.2080162738089228,38.746066575720178],[-9.2078836707917198,38.745899170920232],[-9.2076664950407618,38.74561481156227],[-9.2075373574670092,38.74544827977325],[-9.2073385628925948,38.745154564651422],[-9.2069553622572666,38.744636633241406],[-9.2063968504057279,38.743909349470009],[-9.2058030754069975,38.743138520301173],[-9.2057203197613386,38.743034700930764],[-9.2056368969224707,38.742894494288713],[-9.2056244204701549,38.742836960620728],[-9.2055546736583729,38.742181206308942],[-9.2054779070326536,38.741448052744502],[-9.2053890067376773,38.740672668238737],[-9.205354833734761,38.740356140168103],[-9.2053126287442772,38.739965180354432],[-9.2052370900947995,38.739306329508743],[-9.2051082954750107,38.738062819505757],[-9.2050903457502695,38.737893191361792],[-9.2050890063534077,38.737803753364766],[-9.2050943440311173,38.737705977754509],[-9.205221837288974,38.737504650372735],[-9.2055742105428209,38.73694820309354],[-9.2057754260701241,38.736630450982261],[-9.2059829192614142,38.736302780945699],[-9.20612586624007,38.736077040963032],[-9.2063555131636576,38.7357143796103],[-9.2065379907386813,38.735426206910404],[-9.206852363078541,38.734929737284098],[-9.2070700399250214,38.734585967545605],[-9.2076186915883458,38.733719484656156],[-9.2081810158027189,38.732831386142649],[-9.2085294140759046,38.7322811366708],[-9.20886564518071,38.731750092882955],[-9.2090619339170026,38.731440066700912],[-9.2093113465121483,38.731046134200483],[-9.2097968934366161,38.730279224957229],[-9.2099141427072837,38.730094030525741],[-9.2098935513172879,38.73003927339348],[-9.2097697266361784,38.729650830140457],[-9.209532653345903,38.728939480360999],[-9.2094284010028282,38.728623963024916],[-9.2092723109009764,38.728151549803449],[-9.2091655071265475,38.727828305335379],[-9.2089482778153737,38.727170841807506],[-9.2087331124967875,38.726519613827826],[-9.2086237985867463,38.726188756813571],[-9.2083721954246336,38.725427218296495],[-9.2082991128919893,38.725206015941453],[-9.2080780852627484,38.724537003995245],[-9.2080021799740699,38.724307249211478],[-9.2079548774793789,38.724164069582955],[-9.208063960348964,38.724011895371447],[-9.2081678728844416,38.72386693343261],[-9.2084259606294587,38.723712291372799],[-9.2089927871920718,38.723372653229262],[-9.2092677367106699,38.723207903183024],[-9.209597937261492,38.723010045297428],[-9.2100213032784186,38.722754778024708],[-9.2103811518207532,38.722540731580764],[-9.2108492896355312,38.722233160025802],[-9.2112112122182879,38.721993185388264],[-9.2113813910376869,38.721931802972193],[-9.2116977728874865,38.721807317417792],[-9.2120488390706097,38.721672836497341],[-9.2123207150964461,38.721568688031084],[-9.2126950955278737,38.721425272169938],[-9.2134657735717322,38.721130042601146],[-9.2141202651978595,38.720879317242975],[-9.2144322968984564,38.720759782813879],[-9.2146260606398496,38.720653746409283],[-9.2149528797722766,38.720474895040923],[-9.2152988265014653,38.720285573353458],[-9.2157443103941272,38.720041777349024],[-9.2165679488549355,38.719546043249458],[-9.2174198590423302,38.719033279375303],[-9.2183082242721728,38.71849856293543],[-9.2187605902837753,38.718226272777834],[-9.2192357208193076,38.717667068974016],[-9.2198844137173097,38.716863033925293],[-9.2183873578827189,38.717100929532464],[-9.2181539035133255,38.71715066053482],[-9.2180032691723799,38.717187299833746],[-9.2177479219371108,38.717249465825624],[-9.2170998493773784,38.717404834586127],[-9.2167486769848992,38.717488096835829],[-9.2166644008062129,38.717508066455657],[-9.2165036465562427,38.71754620734783],[-9.2162742177478059,38.717611368258709],[-9.2157869636133309,38.717749676832256],[-9.2113494559580875,38.719067152220418],[-9.2112293772531988,38.719103040698016],[-9.2110213997222452,38.719165214589211],[-9.2096416954733584,38.719578586224792],[-9.2094311740445338,38.719641447300575],[-9.2094064900133148,38.719649047468138],[-9.2093828605171435,38.719656121773198],[-9.2093378530213421,38.719669592070176],[-9.2082681613356065,38.719981219603099],[-9.2074124037920413,38.720230506534698],[-9.207144787427346,38.720310499510056],[-9.2062641653886885,38.720573726327771],[-9.2057564866979735,38.720726677919735],[-9.2047533238898112,38.721028898325216],[-9.2037344790348499,38.721330189939415],[-9.203501520702531,38.721407000812015],[-9.2028889094838924,38.721616273683694],[-9.2022070854168661,38.721858276654928],[-9.2019658781036959,38.721943884004439],[-9.2004735534957067,38.722480261519159],[-9.1983602362785479,38.723253248435512],[-9.1979342951136385,38.72340899744438],[-9.1978081964354867,38.723455104968046],[-9.1973768591850114,38.723608477988044],[-9.1966781271457076,38.723859218737758],[-9.1948967182346468,38.724509324297109],[-9.1943599594633323,38.724695325142612],[-9.1942505339492424,38.724733245190912],[-9.1941466099371247,38.724769255986658],[-9.1940563364282024,38.724800535297632],[-9.1939813920885349,38.724826523848336],[-9.1939081970585228,38.72485222624254],[-9.193865282702351,38.724867303827899],[-9.1938532765886372,38.724871813097437],[-9.1938226276105279,38.724883274424364],[-9.1929071287489528,38.725142727809242],[-9.1919779061702531,38.725331145426324],[-9.1916101384899864,38.72540572887457],[-9.1907960704781146,38.725487778331825],[-9.1904989142200098,38.725511638519862],[-9.1902244415666221,38.725533672324637],[-9.1899672462356961,38.725542833824051],[-9.1894529166952594,38.725561105030359],[-9.1891578219237218,38.725550159406161],[-9.1890103064072264,38.725544662155841],[-9.188194549918105,38.725504567835912],[-9.1877198037412029,38.725446983937175],[-9.1875689211061538,38.725428701585706],[-9.1869432841246272,38.72534616354632],[-9.1861343815939058,38.725183673734534],[-9.1856508705591118,38.725077068510899],[-9.1853947872584882,38.72502063282522],[-9.1853641395772794,38.725016130929923],[-9.1852643370042522,38.725001451049131],[-9.1843495576527339,38.724848810457203],[-9.1842993981967656,38.724840434710671],[-9.1841136524050562,38.724822286615073],[-9.1838530420983915,38.724796806766271],[-9.1821366899119159,38.724629027437587],[-9.1818452025931325,38.724589687760137],[-9.1814762696915313,38.7245399289109],[-9.1808934203267221,38.724416170932095],[-9.1805887993565509,38.724344230220773],[-9.1799531011590378,38.72419229249094],[-9.1792746081545289,38.724030114905524],[-9.178861078397297,38.723934624862629],[-9.1783660159910916,38.723820266690971],[-9.1782001547001393,38.723778602850629],[-9.1781440928301983,38.72376451849992],[-9.1781221859085846,38.723759036679674],[-9.1781249373596676,38.723847829491618],[-9.1781297839469183,38.724008380827676],[-9.1781305129060566,38.724032531564369],[-9.1780737914044241,38.724089379089563],[-9.1779793292745726,38.724184041072249],[-9.1772861999363489,38.724459036435789],[-9.1772257997808406,38.72448299721934],[-9.1767352146618197,38.724610178213375],[-9.1753493642344406,38.724969434088081],[-9.1748130987051812,38.725154377179656],[-9.1748046372100802,38.725158461071459],[-9.1746936577450882,38.72521201163449],[-9.1744622367143531,38.725426913510326],[-9.1742379472233573,38.725763040316473],[-9.1741393151296382,38.725917763754474],[-9.1740523274391652,38.726064375443798],[-9.1739080293462081,38.726381925835121],[-9.1738582660128198,38.726518387398862],[-9.1738533465406391,38.726637270848641],[-9.1738619242554353,38.726698961304521],[-9.1738929616613625,38.726769395695257],[-9.1739753689494581,38.726911316589891],[-9.174163772233733,38.727204758573521],[-9.174285981256272,38.727345180780787],[-9.174941466227347,38.727696839847482],[-9.1756141233540767,38.727793353346456],[-9.1760105524827758,38.72803338233642],[-9.1783161813049556,38.730089231612816],[-9.1794117235034314,38.731117563036243],[-9.1800081347683733,38.731638358527398],[-9.1801504708372512,38.732015885805836],[-9.1799504762268995,38.732256809821592],[-9.1792649416034191,38.732491798235976],[-9.1782481328455763,38.732809650752607],[-9.178118330877588,38.732827837814426],[-9.1780533316115545,38.73283409470119],[-9.1779883311835047,38.732840351562245],[-9.1778332365978255,38.732834623378686],[-9.1776274435795724,38.732816297455372],[-9.1775832404225213,38.73280803768904],[-9.177576042355982,38.732806692277038],[-9.1775690184328411,38.732805380439189],[-9.1771247841512178,38.732722240283067],[-9.1765920932758966,38.732629774073658],[-9.1765296386386321,38.732618928536517],[-9.1763725606840136,38.732596192200596],[-9.176330382583691,38.732588615596399],[-9.1762129804796206,38.732567532807643],[-9.1760901750386257,38.732568630370423],[-9.1759169076260658,38.732587202788402],[-9.1758435557303013,38.732594803062803],[-9.1757788836792535,38.732601497150014],[-9.1756046284160462,38.73263115845964],[-9.1753307805050124,38.732716115742136],[-9.1751496710272438,38.732804297460206],[-9.1749942584362643,38.732911868941933],[-9.1749603297974431,38.732935348508008],[-9.1749488109334507,38.732945945302561],[-9.1747677464880937,38.733112440180562],[-9.1746765180328058,38.733207475970858],[-9.1746252329731384,38.733260899009665],[-9.1744783531990599,38.733443404754702],[-9.1743075313983908,38.733621888983457],[-9.1743034576477847,38.733626145440681],[-9.1742601507833985,38.733671393805018],[-9.1741346688423864,38.733879696142537],[-9.1741555528282177,38.733986432292923],[-9.1741859651160791,38.734141815980379],[-9.1743023621146929,38.734296948165429],[-9.1744860716236545,38.734398100143601],[-9.1756450391016617,38.734727357817398],[-9.1760685859552638,38.73484698967313],[-9.1770868156135759,38.735134592350654],[-9.1772056398635975,38.735168921059724],[-9.1774866502842407,38.735250098035912],[-9.1790453804527665,38.735694724941041],[-9.1810441720053806,38.736258066112057],[-9.1814760191409981,38.736382535623903],[-9.1816127816200854,38.736421953209195],[-9.1816686753950592,38.736438051471794],[-9.18169885736779,38.736444205113159],[-9.1819152655139575,38.736488317057713],[-9.1821130553735095,38.736549503377482],[-9.1822938063784072,38.73660868131676],[-9.1829040826511292,38.736808480642672],[-9.1833951460271539,38.737042137342598],[-9.1839941590447634,38.737320400220767],[-9.1841853030056946,38.73741116139928],[-9.1853545631205371,38.737966339516653],[-9.1861475650098505,38.738347890451138],[-9.1861874237373584,38.738369212301322],[-9.1862376066154212,38.738396062005314],[-9.1862875211834911,38.738446064211615],[-9.1863103185403752,38.738468909828583],[-9.1864234877094191,38.738579686207814],[-9.1864702387096777,38.738698514990432],[-9.1864757562071517,38.738717877128394],[-9.1864891571957319,38.738764912318153],[-9.1864813017949896,38.738885236642901],[-9.1864781761339369,38.738933096348973],[-9.1864878152611276,38.738978498089125],[-9.1864754414162597,38.739052113429587],[-9.1864596344128717,38.739081495265779],[-9.186431892551683,38.739133035796691],[-9.1862732658636528,38.739295525865401],[-9.1861547950558666,38.739407561468994],[-9.1860040857392899,38.739550073458638],[-9.1859248219232281,38.739634749312522],[-9.1858497657686549,38.739747433971829],[-9.1858286107381222,38.739779201416482],[-9.185809792181848,38.739850253445844],[-9.1857988633857346,38.73989152572139],[-9.1857955008633585,38.739903779617627],[-9.1857776864953138,38.739968733309745],[-9.1857897446996564,38.740178685313111],[-9.1857909804927562,38.740262699140651],[-9.1858819761701334,38.74038760358092],[-9.1859061380292744,38.740418746692278],[-9.1859416372308793,38.740464478537852],[-9.1860006309377837,38.740504594053803],[-9.1860634944299893,38.740547335590271],[-9.1861674999024814,38.740619900665735],[-9.186738606670076,38.74088646064547],[-9.1869918371497672,38.741004648353432],[-9.1870095305124693,38.741012739989863],[-9.1870819247233548,38.741045820626944],[-9.1872384284673405,38.741123297128262],[-9.1872486472687296,38.741128356544365],[-9.1873059000543886,38.741151673996626],[-9.1874421126159032,38.741207138856787],[-9.1875726588036972,38.741261996201899],[-9.1877253189841976,38.741295558471087],[-9.187855335902217,38.741322387942432],[-9.1880034095175276,38.741349073229017],[-9.1880538776035774,38.74135720580972],[-9.1881065939216207,38.741365705413067],[-9.1881593458775548,38.741369200827918],[-9.1882453228664076,38.741374900480402],[-9.1883750429778956,38.741373727645644],[-9.1884297494684706,38.741371701516194],[-9.1885002274809899,38.741369082570088],[-9.1886388155575904,38.741360893353608],[-9.1887774539796325,38.741356125588197],[-9.1890249970953199,38.741294993856272],[-9.189105380579683,38.741275142286561],[-9.1891971448794649,38.741252480087041],[-9.1901591287719224,38.743918036456641],[-9.1901661588836703,38.74393145757648],[-9.1901738390222576,38.743946137514236],[-9.1897812293676733,38.744030902767328],[-9.1898066379435068,38.744430384848613],[-9.1898073865041283,38.74444215219296],[-9.1898294162398013,38.744788506986673],[-9.1898487844116072,38.745093025617706],[-9.1898032646751417,38.745523468245629],[-9.1897377607884305,38.746002642680651],[-9.1897101691528142,38.746238175199288],[-9.1895806040738357,38.747293997760153],[-9.189421029708015,38.74819419941138],[-9.1893742139888062,38.748458295412775],[-9.1893127029094401,38.748805279797779],[-9.1892395642479165,38.748983804326521],[-9.1892367872973892,38.74899058527312],[-9.1891025250122542,38.749318289893637],[-9.188832271939356,38.749969752617105],[-9.188793261783001,38.750052148053285],[-9.1885005088234895,38.750670484304187],[-9.1882688572442692,38.751082936217941],[-9.1881570715567236,38.751281972881948],[-9.1879035595162044,38.751665562205311],[-9.1878135608627396,38.751803113720861],[-9.1874427276159842,38.752306469985335],[-9.187352139436511,38.752429630188054]]]},"properties":{"OBJECTID":41,"NOME":"Benfica"}},{"type":"Feature","id":42,"geometry":{"type":"Polygon","coordinates":[[[-9.1030967042646278,38.755743960706646],[-9.1050204865920286,38.756342911508675],[-9.1072662433585556,38.757014519483768],[-9.1101609748041632,38.757885356568806],[-9.1107828125579022,38.758072442387814],[-9.1127065322757286,38.758651099599263],[-9.1129091627470054,38.758711664142531],[-9.1148167860411391,38.759282005308322],[-9.1163805872294379,38.759749500403515],[-9.1185586468209046,38.760400586538822],[-9.1188357157286628,38.760487134816437],[-9.1194073205175297,38.760665630808553],[-9.1195106995496769,38.760697081144784],[-9.1198150405581035,38.760789641135823],[-9.1204016454500572,38.760968043424747],[-9.1205994846873786,38.761028204446745],[-9.1210914196215693,38.761177808777553],[-9.1214912996382704,38.761299437470313],[-9.1222037044272177,38.761507773457517],[-9.1228143058804374,38.761686288355563],[-9.1236792988546931,38.761939242238249],[-9.1240117452011376,38.762036423545261],[-9.1242372804297105,38.762113033244781],[-9.1244278830448735,38.762177726902877],[-9.1245984977116592,38.762235644784617],[-9.1247556280840207,38.762276559257906],[-9.1249602549897588,38.762329858851423],[-9.1253214522932442,38.762425523202992],[-9.1256712305100738,38.76251819102572],[-9.1264191637016445,38.762706239876962],[-9.1268679614193644,38.762790041907301],[-9.1270943854840016,38.762823436977357],[-9.1273037463945741,38.762854338369202],[-9.1278644437293313,38.762942180342918],[-9.1279513982338205,38.762955830189554],[-9.1285740814070877,38.763013545889848],[-9.1285887913136836,38.762783488719776],[-9.1285840244341117,38.762769639260128],[-9.1285867464001207,38.762734935957731],[-9.1285936134844423,38.762708831346096],[-9.1286115965616847,38.762659774698818],[-9.1286168892094697,38.762635950765493],[-9.1286135467043259,38.762619620129662],[-9.1285984291877096,38.762593137988347],[-9.128567208248322,38.762564686077795],[-9.1285565636847998,38.762560542165254],[-9.1285509306568891,38.762557220317575],[-9.1285416447204177,38.76255174248324],[-9.1285294951869833,38.762538979189635],[-9.1285240274612338,38.762524203386434],[-9.1285237694482717,38.762510519097546],[-9.1285275252476019,38.762496978076356],[-9.1285340174636929,38.762485295482577],[-9.1285432018828168,38.762476677839828],[-9.1285543996384284,38.762468139431618],[-9.1285744236684199,38.762461889496826],[-9.1285936113174699,38.762459120099315],[-9.1286224527753941,38.762463795404834],[-9.1286404356294035,38.762470366565282],[-9.128705991914801,38.762424113242631],[-9.1287736525730505,38.762376548432051],[-9.1289131276119875,38.762281384202645],[-9.1289278023882918,38.762291819937445],[-9.1289354500816486,38.762287702154509],[-9.1289524669372533,38.762277006294802],[-9.1289747263968906,38.762267369218797],[-9.1289941175848686,38.762262776639545],[-9.1290058890816024,38.762262329530735],[-9.1290173282470359,38.76226189426049],[-9.1290333581142225,38.762264617646721],[-9.1290447971489215,38.762266573051178],[-9.1290914214031531,38.762240095377663],[-9.129144574921483,38.762209907566515],[-9.1291834808929622,38.762187852718938],[-9.1292470385852234,38.762151808478997],[-9.1291896024022972,38.762009089835246],[-9.1290709325024171,38.761714268032293],[-9.1290595529781751,38.761665937142176],[-9.1290429399514501,38.761595514120337],[-9.1290502153295492,38.761507181750467],[-9.1290630271141335,38.761412247205563],[-9.1290759388995735,38.76128114178676],[-9.1290983303027566,38.761056575962343],[-9.1291222187331638,38.760836754400493],[-9.1291466011081077,38.760597853645358],[-9.1289362974733841,38.760586859133845],[-9.1289494207457569,38.760460780077068],[-9.1289586780387051,38.76037184079636],[-9.1289809525478081,38.760144731245113],[-9.1290106360884486,38.759846947995882],[-9.12901211475174,38.759831906737638],[-9.129087819786033,38.759837356312943],[-9.1291295098743586,38.759409703942673],[-9.1291473394438878,38.759194680177252],[-9.1291548489296375,38.759116920962086],[-9.1291677917338578,38.758982620144906],[-9.1291921022570062,38.758761272576962],[-9.1292439974434192,38.758759590804011],[-9.1293323526368226,38.7587696597163],[-9.1293412421354478,38.758637930928941],[-9.1293477402315215,38.758541644907616],[-9.1293676268215282,38.758317001202066],[-9.1293774015096325,38.758230244550781],[-9.1293892611602772,38.758124733840056],[-9.129392673551104,38.758094547440422],[-9.1294140249479661,38.757866550221074],[-9.1294372668339996,38.75764305339996],[-9.1294610783756234,38.757419745378705],[-9.1294820820467937,38.757193739115849],[-9.1295009436730705,38.756971466832852],[-9.1295264569490922,38.756745392375329],[-9.1295539561914012,38.756519767578645],[-9.1295703310480807,38.756301107885108],[-9.1295717440257391,38.756293020317251],[-9.1295936861079063,38.756073487129733],[-9.1296154300430921,38.755850633531558],[-9.1296366663019182,38.755624619798624],[-9.1296433034801989,38.755607286184933],[-9.1296551322562163,38.755576375838054],[-9.129710272942777,38.75543268383246],[-9.1297131192564009,38.75541566088058],[-9.1297165673684901,38.755366718945233],[-9.1297354566121012,38.75514386352026],[-9.1297429135552957,38.755144285456453],[-9.1297512306899087,38.755144768516658],[-9.1297711367722432,38.754911742670458],[-9.1297538807414824,38.754910567467412],[-9.129768670569014,38.754745418734466],[-9.1297826117813567,38.754589730053233],[-9.129809696895224,38.754378439218641],[-9.1298315226960103,38.754208197786554],[-9.1298601388609217,38.754205097365094],[-9.1298902827229469,38.754201831675566],[-9.1299029659740167,38.754094093393505],[-9.1298465388542756,38.754041146442688],[-9.1298646771376859,38.753829934577873],[-9.1298903724802845,38.753591044734613],[-9.129918052766504,38.753359650483631],[-9.129926080817798,38.753254757827634],[-9.1299361198587601,38.753123578465257],[-9.1299547386195155,38.752898229163044],[-9.1299578369389369,38.752791903058146],[-9.1299705427603222,38.752662983524736],[-9.1299793224052497,38.752573843654481],[-9.1299823773113182,38.75255173218406],[-9.1299877569831409,38.75248917371195],[-9.1299924569220838,38.75244051832793],[-9.1299940575346703,38.752353799737257],[-9.1299960140527219,38.752319463189089],[-9.1299993950147602,38.752278202777639],[-9.1300003931668208,38.752262464778283],[-9.1300043174344427,38.752216432784721],[-9.1300136930204694,38.752102907209014],[-9.1300248661332617,38.75200952944342],[-9.1300266561781154,38.751989442010149],[-9.1300286411699609,38.751965093107408],[-9.1300308395848777,38.75193814182132],[-9.130037198015776,38.751858953729773],[-9.1300448333011772,38.751764218026487],[-9.1300597083221415,38.751611975781749],[-9.1300709408162675,38.751497239912716],[-9.130078080676558,38.7514976357091],[-9.1300881740975193,38.751394214390231],[-9.1300141777128054,38.751425041621175],[-9.129941146907802,38.751418191589828],[-9.1298885394747931,38.751416663924715],[-9.1298566923955189,38.751415740176114],[-9.1297893222159647,38.75141375825514],[-9.1296744976223803,38.751410380248259],[-9.1296100416871777,38.751375171381831],[-9.1295803856132753,38.751358995720999],[-9.1295323939236805,38.75133285245591],[-9.1293733714040588,38.751219897643153],[-9.1293267338337163,38.751145341826103],[-9.1292485453646233,38.75101343714293],[-9.1291967913997478,38.75096966953403],[-9.1291639285776185,38.750909299804988],[-9.1290936766013893,38.750839386892096],[-9.1290711475762745,38.750799984003336],[-9.1290433904238757,38.750757687300549],[-9.1290399953509596,38.750644984906941],[-9.1290355824252387,38.750481050982337],[-9.1290316079225171,38.750326646315536],[-9.1290471939787246,38.750236943140877],[-9.1290490649013929,38.750225225112494],[-9.1290640163131869,38.750171475835131],[-9.1290482498889762,38.750152912603411],[-9.1290436068467944,38.750137486603201],[-9.1290410559374031,38.750112106226311],[-9.1290258799136677,38.750100764951782],[-9.1290065596581318,38.750091930737916],[-9.1290035496847626,38.750066708305503],[-9.1290041635839696,38.749936126303979],[-9.1289946116525389,38.749909980458554],[-9.1289853038850239,38.749902400396074],[-9.1289635845018218,38.749894833301084],[-9.1289515190030563,38.749891525730995],[-9.1289384927727859,38.749887953407388],[-9.1289261883680091,38.749885747727589],[-9.1289128980164378,38.749883366686497],[-9.1288747995151063,38.749872161229717],[-9.1288531661112309,38.749865316711308],[-9.1288387622545013,38.749853660765211],[-9.1288298128127341,38.749837509378331],[-9.1287843330514828,38.749831701216301],[-9.128711653092541,38.749821579372593],[-9.1287196954114567,38.749774001707628],[-9.1287364726289777,38.749690614626132],[-9.1287804534600099,38.749694601579421],[-9.1288049950280978,38.74963869883188],[-9.1287608430679974,38.749627689930747],[-9.128710090176444,38.749599501633753],[-9.128734166164044,38.74949252389515],[-9.1287438442440383,38.749455965998891],[-9.1288427384154112,38.749427532534597],[-9.128814187121808,38.74936105917471],[-9.1288516529213002,38.749350753910676],[-9.1288897716201607,38.749341988818124],[-9.1289437292081868,38.749320838102399],[-9.1289708541639367,38.749369588942798],[-9.1289822943116885,38.749390152758956],[-9.1290592663304349,38.749384099414229],[-9.1291445536915798,38.749375883537901],[-9.1291941701453663,38.749376511929597],[-9.1292752774563137,38.749437747814923],[-9.1293050635800057,38.749463674344085],[-9.1293229140060248,38.749474605452427],[-9.1293426041442807,38.749482667193142],[-9.1293843049857948,38.749496088349389],[-9.12946636836514,38.749524297705406],[-9.1294888718270748,38.749527866648954],[-9.1294961124228138,38.749529813674414],[-9.1295235951931435,38.7495373297375],[-9.1295528297918658,38.749545336199468],[-9.1296146654620642,38.749567354753225],[-9.1296524633132599,38.749587551458234],[-9.1297168026871098,38.749605558136999],[-9.1297261430027454,38.749609271698226],[-9.1297368009963691,38.749613523501559],[-9.1297744976226038,38.749632971577356],[-9.1297953734483226,38.749648948229776],[-9.129797407913621,38.749628485783226],[-9.1301097338305599,38.749657315305747],[-9.130244616877615,38.749561222039475],[-9.1302425333144548,38.749527211792284],[-9.1302469900421936,38.7494935925383],[-9.1302586477444603,38.749463123147045],[-9.1302752794802586,38.749435972145321],[-9.1303026003287364,38.749407621081751],[-9.1303392490963944,38.749387220017795],[-9.1303903615025686,38.749373172173527],[-9.1302414023780081,38.74937464301501],[-9.1301730124668303,38.749374632813556],[-9.1300609388012113,38.749374617750952],[-9.1299217621232245,38.749365194434361],[-9.1298693793996453,38.749353413011541],[-9.1298242666813021,38.749335683846795],[-9.1298021573919641,38.74932703838963],[-9.1297362654742145,38.749271482291988],[-9.1296735294905247,38.749209348745303],[-9.12965777366081,38.749184593511387],[-9.1296529217419824,38.74917690074529],[-9.1296283543839003,38.749112493345827],[-9.1296262829571955,38.749055257158787],[-9.1296297446376506,38.74901268000135],[-9.1296395307858536,38.748964985613924],[-9.1296548643409619,38.748926113050516],[-9.1296769489268339,38.748893031717152],[-9.129733693469305,38.74883740998385],[-9.1297314327051797,38.74881545462776],[-9.1300688883480134,38.748714572357542],[-9.1300830914004454,38.748678879240209],[-9.1301004447263985,38.748635139567384],[-9.1300627746834913,38.748637502054962],[-9.1300462046914586,38.74863865046337],[-9.1299529458609481,38.748624133425935],[-9.1299143426063747,38.748611748977552],[-9.1298810772237573,38.748601057509426],[-9.129817925948668,38.748576194821851],[-9.129724311803864,38.748536279413656],[-9.1296130724975555,38.748477867959757],[-9.129521317259794,38.748422713283134],[-9.1294446206279041,38.748358961898809],[-9.1293742825620079,38.748288401283411],[-9.1292952863823107,38.748207735552448],[-9.1292243045553754,38.748091325898962],[-9.1290604197623946,38.747892950074025],[-9.1289490085082523,38.747758049324382],[-9.1289207345534216,38.747718368342454],[-9.1289140245889744,38.747708897910776],[-9.1288230082768074,38.747581126837886],[-9.1285146935205361,38.747205794491109],[-9.1283866727124039,38.7470323162011],[-9.1281613347632433,38.746767336739659],[-9.1281532676615882,38.746757947175681],[-9.1280892386000936,38.7466780539634],[-9.1279263038331688,38.74647514644446],[-9.1277757001718705,38.74624078644279],[-9.1276857164936835,38.746105000372211],[-9.1276718401441794,38.746084040079459],[-9.1273970323138567,38.74579308339402],[-9.1273595232857367,38.74574259908929],[-9.1273263479176894,38.745706841775146],[-9.1273111796249342,38.745690496337971],[-9.1272848054804694,38.745671894261001],[-9.1272280091711835,38.745631842906278],[-9.1271561167518467,38.745564550457857],[-9.1271293006667218,38.745539453840856],[-9.1270567942596834,38.745479714227955],[-9.1270131796102412,38.74544378886835],[-9.1269648843304019,38.745411072251748],[-9.1269192427149513,38.745380183264842],[-9.1267313515336088,38.74526819524133],[-9.126693315816798,38.745245549448896],[-9.1266135145307814,38.745198036665641],[-9.1264236477326204,38.745092820819423],[-9.126167274370049,38.744878095573952],[-9.1259429386997812,38.744749341500786],[-9.125914057452098,38.744732792574574],[-9.1258551121062013,38.744703315994208],[-9.1257505070836853,38.744651041838367],[-9.1255187655928918,38.744495376719392],[-9.1254053520582268,38.744437069712909],[-9.1252586045232995,38.744346618172983],[-9.1252371330842497,38.744333378721699],[-9.1248115594134056,38.744092885456148],[-9.1246437903663793,38.744021437894048],[-9.1243843900067443,38.743894830239576],[-9.1242809145317079,38.743849301061545],[-9.1240858182745459,38.743763420526911],[-9.1238837620671696,38.743715953199469],[-9.1237275066662544,38.743686833709248],[-9.1237184914135927,38.743684923880458],[-9.1236428338125304,38.743668905915492],[-9.1235230306995074,38.743622452397041],[-9.1234604817139449,38.743597414473207],[-9.1234359388671464,38.743587605678513],[-9.1232509906883994,38.743497674303072],[-9.1228908757150151,38.743322631714186],[-9.1226641015137844,38.743199256088957],[-9.1223053332378008,38.742949629636357],[-9.1220866475293203,38.742797270103345],[-9.1215559355143565,38.742472866975952],[-9.121132835219397,38.742091661692079],[-9.121016424911355,38.741974014812627],[-9.1209604963348294,38.74191241163004],[-9.1209386512917998,38.741888307453209],[-9.120918078118887,38.741865604956111],[-9.1207920646619893,38.741726757932092],[-9.1204717092531151,38.741457536933552],[-9.1203626814998273,38.741365935401113],[-9.1203232637719154,38.74133617846055],[-9.1202942216556,38.741314267103043],[-9.1201040820099255,38.741170762429576],[-9.1193162645939108,38.740464815319065],[-9.1183346078702918,38.739553591459355],[-9.1180780297866164,38.739304079430781],[-9.1178650521690106,38.739096985073793],[-9.1177839176266957,38.739018040837131],[-9.117683119541935,38.738813963666225],[-9.1176549631960189,38.738757001777167],[-9.1176307489938768,38.738677216779045],[-9.1176048272340928,38.738573665391101],[-9.1175616335178287,38.738401710500234],[-9.1175220493893114,38.738283141835105],[-9.1175153313414352,38.738237888844594],[-9.1175043139541057,38.738164388260479],[-9.117489827992074,38.738106230256513],[-9.1174608657154774,38.738090980619226],[-9.1174489380386188,38.738085045790228],[-9.1174366629080676,38.73807893462925],[-9.1170315858635167,38.737877513282619],[-9.1169788959429727,38.737851294388925],[-9.1169009300538608,38.737818622377745],[-9.1165483496897615,38.737670983965813],[-9.1164492149530965,38.737629482777059],[-9.1163700648447783,38.737602675484162],[-9.115913292872257,38.737446994618466],[-9.1159039405001288,38.737368975932483],[-9.1158962371389567,38.737310490455094],[-9.1158940109103845,38.737232140716422],[-9.1158874575443622,38.737173645568475],[-9.1158788017446231,38.737129579784543],[-9.1158610337766444,38.737091897016406],[-9.1158387758848871,38.737062358173141],[-9.1158027072179753,38.737032035542732],[-9.1156655042665893,38.736923295581811],[-9.115456177446827,38.736754990818277],[-9.1154399767842715,38.736747740509387],[-9.115412229620862,38.736737165137981],[-9.1153834748853786,38.736720201738422],[-9.1153716477976392,38.736713184904573],[-9.1153541762971457,38.736697118450984],[-9.1153459156774712,38.736681874484681],[-9.1152847205846541,38.736748147024173],[-9.1152619938627701,38.736768155289944],[-9.1152437794827463,38.736781820130588],[-9.1152185789615476,38.736789238154984],[-9.1151956178489648,38.736792134325725],[-9.1151599442920315,38.736790632456234],[-9.1151242584142409,38.736788230793152],[-9.115083923334435,38.736782264126226],[-9.1150481387950411,38.736772656972924],[-9.1149349614115156,38.736738478739433],[-9.1147629017746024,38.736687680836681],[-9.1146797592862665,38.73666315878215],[-9.1146059767983552,38.73665026740855],[-9.1145518546319053,38.736645318006218],[-9.1144667339553234,38.736644231970011],[-9.1143815998173086,38.736642246098562],[-9.1143240524331119,38.736639126917552],[-9.1142802810862982,38.736634089603392],[-9.1142399461698069,38.736628123543682],[-9.1141949251540311,38.736615891290718],[-9.1141416807650621,38.736591117015926],[-9.1140480287738601,38.736554972477954],[-9.1139774992654221,38.736527640815339],[-9.1139416164391065,38.736510827849635],[-9.113919496176651,38.736491196136512],[-9.1138724361026302,38.736414124196642],[-9.113844196565033,38.736367521097705],[-9.1138112205914652,38.736311049069968],[-9.1137666958423118,38.736251070769178],[-9.1137291324814083,38.736195537988166],[-9.1136458084764467,38.736073731702007],[-9.1136109283711004,38.736020968813158],[-9.1135788673115705,38.735972506046714],[-9.1135505407932964,38.735919598090916],[-9.1135220172949296,38.735852279184492],[-9.1134865202795563,38.735779614032339],[-9.113469865768991,38.735739219184715],[-9.1134660084417032,38.735709525556295],[-9.1134731264975635,38.735674965709094],[-9.1134800331089831,38.735641848894204],[-9.1133683567197323,38.735549106266376],[-9.1129230460180732,38.735515193076203],[-9.1129139233083141,38.735512477101182],[-9.1125903877912879,38.735418539406403],[-9.1116528094183309,38.735146081964395],[-9.110975322729157,38.734894587253592],[-9.1106524737937793,38.734774695734991],[-9.1104092697560226,38.734684403044845],[-9.1094048531511778,38.734257372388058],[-9.1092070121019493,38.734440535057992],[-9.1090110969396036,38.73457945264034],[-9.1088996973324292,38.734658391707455],[-9.1087591157824068,38.734781712826582],[-9.1087534322812225,38.734786624515657],[-9.1086136047886228,38.734703660596729],[-9.1081846175989138,38.73444908206104],[-9.1077573756660257,38.734221149791978],[-9.1069677345339208,38.735910763519215],[-9.1067720526424782,38.7363295482985],[-9.1062306956742205,38.737487694709721],[-9.1056642236433021,38.736857725964178],[-9.1055059600767851,38.736663016815214],[-9.1047727893824764,38.73648672465427],[-9.1045669488534759,38.736435923156364],[-9.1044053512878111,38.736396147746063],[-9.1043128294081441,38.736372587109699],[-9.1040995434386005,38.736319801855274],[-9.1040199622056619,38.73629978258478],[-9.1041161591293687,38.736066039852702],[-9.1041870794929061,38.735868178210318],[-9.1039576059460163,38.735823246908531],[-9.103602568617724,38.735763235377483],[-9.1037132784873389,38.735361376432422],[-9.1038916065826925,38.734687909653132],[-9.1039583506327073,38.734444954213629],[-9.1038788611502781,38.73441796196996],[-9.1035257815002169,38.734298211656011],[-9.1035154085011882,38.734118322118945],[-9.1035125460904727,38.734068352143936],[-9.1034392806806608,38.734033920565764],[-9.1026559518500267,38.733666336309888],[-9.10260559051979,38.733651732450653],[-9.0965890437050749,38.731906822198539],[-9.0963342515775025,38.732543166361076],[-9.0963806669935359,38.735992870280803],[-9.0940690047545338,38.741586688998417],[-9.0938544034096296,38.742633452906453],[-9.0935630289186005,38.743650941886855],[-9.0929791710767507,38.745596389050263],[-9.0925008004723757,38.746884116951804],[-9.0919088876770093,38.748232496282107],[-9.0918041636309681,38.748949928279188],[-9.0913197523276903,38.749789831191507],[-9.09125149176554,38.750387519345942],[-9.090999836318991,38.751524118675107],[-9.0907097536792758,38.75242016374046],[-9.0945617635255491,38.753220270751967],[-9.0946330729857898,38.753235081272862],[-9.0958926482264033,38.753610679336077],[-9.0960041062665908,38.753643989213344],[-9.0971230716785829,38.753977676485221],[-9.098878761199602,38.754506057011987],[-9.0993288911955492,38.754641500848557],[-9.1003729640096793,38.754955599216501],[-9.1005091487192793,38.754996626142862],[-9.1006574612015374,38.755041246633404],[-9.1009907033053992,38.755141531912635],[-9.102712389559489,38.755652301412908],[-9.1028713022862586,38.755689443801046],[-9.1029884376570269,38.755716844767292],[-9.1030028635860258,38.755720237217147],[-9.1030738381510368,38.755736852314691],[-9.1030967042646278,38.755743960706646]]]},"properties":{"OBJECTID":42,"NOME":"Marvila"}},{"type":"Feature","id":43,"geometry":{"type":"Polygon","coordinates":[[[-9.1285740814070877,38.763013545889848],[-9.1286664754738869,38.763021792819679],[-9.1287272762944838,38.763027219138635],[-9.1288140563736402,38.763026561803002],[-9.1289706896154517,38.763025375860998],[-9.1291161613692129,38.763024166828359],[-9.1291325957377314,38.763024029471396],[-9.1295374708756452,38.763020662930707],[-9.1303287845797119,38.763025461635017],[-9.1316373346896889,38.763033385488463],[-9.1342152944083264,38.763048953410554],[-9.1367278382362418,38.763064074993075],[-9.1374330438499562,38.763066617634571],[-9.1391821130099515,38.763072925229153],[-9.1409258981315844,38.763012836685149],[-9.1415948805945995,38.762956141127546],[-9.1416051953143977,38.762955267540086],[-9.142222477903772,38.762902950922836],[-9.1423047437936837,38.762895978342343],[-9.1434911813916937,38.762735641782889],[-9.1438830791263239,38.762669048836351],[-9.1442893240576648,38.762600006429714],[-9.1445843346582638,38.762550019352055],[-9.1450141524066169,38.762476925879625],[-9.1454685689043451,38.762399647109177],[-9.1456299994551227,38.762372193558399],[-9.1458505230068408,38.762323237727209],[-9.1468640841742648,38.762098224142022],[-9.1483517405224628,38.761767937448354],[-9.1484181055483056,38.761749175957689],[-9.1485253378348581,38.761718848246687],[-9.14965017981085,38.761400711759443],[-9.1505593471116597,38.761083658584141],[-9.1507406201650028,38.761020437183028],[-9.1512113655449685,38.760856255030717],[-9.151405841916965,38.760788449708237],[-9.1516324522426462,38.760723742856186],[-9.1517087940514017,38.760701943398146],[-9.1518237057035776,38.76066979732326],[-9.1518693143987164,38.760657037447466],[-9.1527439771300951,38.760412346799761],[-9.1542027333952127,38.760004245613707],[-9.1551144700743983,38.759749166948019],[-9.1551497233180577,38.759739302281972],[-9.1596769545751666,38.758462465944696],[-9.159791082766457,38.758430420726746],[-9.1598429407577573,38.758415860740023],[-9.1600185207402021,38.758366561442763],[-9.1614400765883808,38.757967407569652],[-9.1618975798794686,38.757865672686528],[-9.1625106899207385,38.757729332167074],[-9.163071275917229,38.757604668744115],[-9.1634907101108887,38.757511392665165],[-9.1638959130996991,38.757421279832982],[-9.1642450250815131,38.757343639061979],[-9.1648135972275195,38.757324382789406],[-9.1648460532186498,38.757323283778639],[-9.1654670671682066,38.75725293569149],[-9.1658950403214394,38.757255841123794],[-9.1659854941038166,38.757256454204963],[-9.1663275833285152,38.757253426013826],[-9.1668444842099976,38.757248848080437],[-9.1669495329543942,38.757247917099491],[-9.1675037040285829,38.757264306425455],[-9.1675823009746384,38.757266630200441],[-9.1677601216039744,38.757270936455726],[-9.1696422252999756,38.757316507312396],[-9.1696976179426528,38.757317848225163],[-9.1697814224634637,38.757067589592445],[-9.1697803111895517,38.75704795072177],[-9.1697318631132205,38.756192013648935],[-9.1697226652251551,38.756029517812799],[-9.1697200263792649,38.755998038211494],[-9.1697157931158966,38.755947554566568],[-9.1696934597954431,38.755681177373965],[-9.1696480236758475,38.755244705225216],[-9.1695978052824856,38.754716396676393],[-9.1695933112878745,38.754644374051175],[-9.1696013514551886,38.754564134142086],[-9.1694543622687554,38.754423116878101],[-9.1693097131831927,38.754284781019678],[-9.1690364635725317,38.754018560592208],[-9.1686946186306795,38.753673211054483],[-9.1685136262483145,38.753487455683313],[-9.1684517269614911,38.753423148672226],[-9.1681634964537491,38.753140160179584],[-9.167973395059331,38.752960790078035],[-9.1678520029364776,38.752839361276109],[-9.1677364674025146,38.752725086751767],[-9.1677030936772912,38.75268143124871],[-9.1676790131057473,38.752649930592071],[-9.1676636765591297,38.752640359523646],[-9.1672193328577158,38.752363054292459],[-9.166983268346101,38.752186793337174],[-9.166255517410157,38.751487430052073],[-9.166103715660066,38.751341548022289],[-9.1658552447070853,38.751102338752865],[-9.1656342113811604,38.750963638099634],[-9.1654648847331632,38.750755391266551],[-9.1654342200467127,38.750623248079897],[-9.1654319828111408,38.750610957754986],[-9.1654004886496914,38.750437986737111],[-9.1653914213206633,38.750389786711757],[-9.165386784963319,38.750365145334889],[-9.1653365697171871,38.750243687803703],[-9.1652984754642439,38.750151547248734],[-9.1652687884168138,38.750079742354579],[-9.1651260404354655,38.749912560223514],[-9.1647858403748756,38.749388057483756],[-9.1620445485156345,38.74516135314078],[-9.1620218066924437,38.745126284980138],[-9.1619995657858464,38.745135812868405],[-9.1619002697149288,38.745178339980825],[-9.1618157528733661,38.745214539552919],[-9.1617857564190075,38.745227388383348],[-9.1617606526210569,38.745237082844518],[-9.1598202222805316,38.745986478143479],[-9.1589377632317497,38.746277749473222],[-9.1582483831665034,38.74650528220144],[-9.1578075352431139,38.746659853308437],[-9.1572466676342597,38.746809091476365],[-9.1566946302682908,38.746955977857311],[-9.1566473481501678,38.746965747439383],[-9.1554752959950019,38.747207894476368],[-9.1535436451656835,38.747496116269382],[-9.1515067139304342,38.747822877171366],[-9.1512897422770365,38.747854328419379],[-9.1503682840622673,38.747987893789656],[-9.1502602999559386,38.748003546033786],[-9.1494596526939898,38.748119604564359],[-9.1484502863240067,38.748248915349457],[-9.1484174594651133,38.748254177331333],[-9.1483937915061784,38.748257842828615],[-9.1483566981506783,38.748106845148001],[-9.1483189518916284,38.747953187704134],[-9.1476505234575267,38.745231961209086],[-9.1476454093746042,38.745211143446149],[-9.1476437786466231,38.745204499907615],[-9.1475940575689858,38.745002025410855],[-9.1475766657667439,38.744931202701096],[-9.1475237733178894,38.744631793514031],[-9.1463514232629954,38.744851513141263],[-9.1455128581490666,38.745008667939814],[-9.1455021644061532,38.745009068630296],[-9.1453699708057421,38.745011888984379],[-9.1445249152919761,38.745069569801402],[-9.1443701641535515,38.745068945945924],[-9.1433005313252451,38.745064626613825],[-9.1428601498685875,38.745062845110013],[-9.1425175524834863,38.745061458825951],[-9.1419338325161092,38.745103438502113],[-9.1414499288025617,38.745127437527856],[-9.1404959696887094,38.745178914258922],[-9.1402426218755348,38.745170843833399],[-9.1402289982066467,38.745170409037797],[-9.1397832486618888,38.745208484963577],[-9.1396626926754099,38.745223937526319],[-9.1396102164156066,38.74522832763531],[-9.1394225789088566,38.745244024274477],[-9.1379205951193505,38.745340739326792],[-9.1372495015414934,38.745386149950889],[-9.1366404101387548,38.745423817244671],[-9.1359946295256034,38.745469904125876],[-9.1348568353947428,38.745536426487355],[-9.1346888954185808,38.745557427992495],[-9.1346819268252766,38.745558300212537],[-9.1322265144915757,38.745865332296873],[-9.1312564304555313,38.745935815004209],[-9.1312343796140123,38.745937416635869],[-9.1308593728502547,38.745934917258857],[-9.1304707770220332,38.745932326351515],[-9.1304702761017271,38.745944686689185],[-9.1304476535837864,38.746506077556532],[-9.1304730343362586,38.746508425523892],[-9.1305756792276913,38.746517926667885],[-9.1305691420746893,38.746591890927853],[-9.130566353746957,38.746623460198137],[-9.1305557640648338,38.74675775755702],[-9.130486746663621,38.747424419891622],[-9.1304731134013544,38.747559562911036],[-9.130445814741341,38.74783002936779],[-9.1304417185593767,38.747861357568951],[-9.130436770891059,38.747899196698512],[-9.1304140308426742,38.74810329768335],[-9.1304116313799319,38.748124876628566],[-9.1302758104284649,38.74820378122407],[-9.1302613464650566,38.748212189132303],[-9.130253188727945,38.748409317010491],[-9.1302438816348896,38.74863421415651],[-9.1301904749204379,38.748634536440242],[-9.1301656894736247,38.74863468391495],[-9.1301004447263985,38.748635139567384],[-9.1300830914004454,38.748678879240209],[-9.1300688883480134,38.748714572357542],[-9.1297314327051797,38.74881545462776],[-9.129733693469305,38.74883740998385],[-9.1296769489268339,38.748893031717152],[-9.1296548643409619,38.748926113050516],[-9.1296395307858536,38.748964985613924],[-9.1296297446376506,38.74901268000135],[-9.1296262829571955,38.749055257158787],[-9.1296283543839003,38.749112493345827],[-9.1296529217419824,38.74917690074529],[-9.12965777366081,38.749184593511387],[-9.1296735294905247,38.749209348745303],[-9.1297362654742145,38.749271482291988],[-9.1298021573919641,38.74932703838963],[-9.1298242666813021,38.749335683846795],[-9.1298693793996453,38.749353413011541],[-9.1299217621232245,38.749365194434361],[-9.1300609388012113,38.749374617750952],[-9.1301730124668303,38.749374632813556],[-9.1302414023780081,38.74937464301501],[-9.1303903615025686,38.749373172173527],[-9.1303392490963944,38.749387220017795],[-9.1303026003287364,38.749407621081751],[-9.1302752794802586,38.749435972145321],[-9.1302586477444603,38.749463123147045],[-9.1302469900421936,38.7494935925383],[-9.1302425333144548,38.749527211792284],[-9.130244616877615,38.749561222039475],[-9.1301097338305599,38.749657315305747],[-9.129797407913621,38.749628485783226],[-9.1297953734483226,38.749648948229776],[-9.1297744976226038,38.749632971577356],[-9.1297368009963691,38.749613523501559],[-9.1297261430027454,38.749609271698226],[-9.1297168026871098,38.749605558136999],[-9.1296524633132599,38.749587551458234],[-9.1296146654620642,38.749567354753225],[-9.1295528297918658,38.749545336199468],[-9.1295235951931435,38.7495373297375],[-9.1294961124228138,38.749529813674414],[-9.1294888718270748,38.749527866648954],[-9.12946636836514,38.749524297705406],[-9.1293843049857948,38.749496088349389],[-9.1293426041442807,38.749482667193142],[-9.1293229140060248,38.749474605452427],[-9.1293050635800057,38.749463674344085],[-9.1292752774563137,38.749437747814923],[-9.1291941701453663,38.749376511929597],[-9.1291445536915798,38.749375883537901],[-9.1290592663304349,38.749384099414229],[-9.1289822943116885,38.749390152758956],[-9.1289708541639367,38.749369588942798],[-9.1289437292081868,38.749320838102399],[-9.1288897716201607,38.749341988818124],[-9.1288516529213002,38.749350753910676],[-9.128814187121808,38.74936105917471],[-9.1288427384154112,38.749427532534597],[-9.1287438442440383,38.749455965998891],[-9.128734166164044,38.74949252389515],[-9.128710090176444,38.749599501633753],[-9.1287608430679974,38.749627689930747],[-9.1288049950280978,38.74963869883188],[-9.1287804534600099,38.749694601579421],[-9.1287364726289777,38.749690614626132],[-9.1287196954114567,38.749774001707628],[-9.128711653092541,38.749821579372593],[-9.1287843330514828,38.749831701216301],[-9.1288298128127341,38.749837509378331],[-9.1288387622545013,38.749853660765211],[-9.1288531661112309,38.749865316711308],[-9.1288747995151063,38.749872161229717],[-9.1289128980164378,38.749883366686497],[-9.1289261883680091,38.749885747727589],[-9.1289384927727859,38.749887953407388],[-9.1289515190030563,38.749891525730995],[-9.1289635845018218,38.749894833301084],[-9.1289853038850239,38.749902400396074],[-9.1289946116525389,38.749909980458554],[-9.1290041635839696,38.749936126303979],[-9.1290035496847626,38.750066708305503],[-9.1290065596581318,38.750091930737916],[-9.1290258799136677,38.750100764951782],[-9.1290410559374031,38.750112106226311],[-9.1290436068467944,38.750137486603201],[-9.1290482498889762,38.750152912603411],[-9.1290640163131869,38.750171475835131],[-9.1290490649013929,38.750225225112494],[-9.1290471939787246,38.750236943140877],[-9.1290316079225171,38.750326646315536],[-9.1290355824252387,38.750481050982337],[-9.1290399953509596,38.750644984906941],[-9.1290433904238757,38.750757687300549],[-9.1290711475762745,38.750799984003336],[-9.1290936766013893,38.750839386892096],[-9.1291639285776185,38.750909299804988],[-9.1291967913997478,38.75096966953403],[-9.1292485453646233,38.75101343714293],[-9.1293267338337163,38.751145341826103],[-9.1293733714040588,38.751219897643153],[-9.1295323939236805,38.75133285245591],[-9.1295803856132753,38.751358995720999],[-9.1296100416871777,38.751375171381831],[-9.1296744976223803,38.751410380248259],[-9.1297893222159647,38.75141375825514],[-9.1298566923955189,38.751415740176114],[-9.1298885394747931,38.751416663924715],[-9.129941146907802,38.751418191589828],[-9.1300141777128054,38.751425041621175],[-9.1300881740975193,38.751394214390231],[-9.130078080676558,38.7514976357091],[-9.1300709408162675,38.751497239912716],[-9.1300597083221415,38.751611975781749],[-9.1300448333011772,38.751764218026487],[-9.130037198015776,38.751858953729773],[-9.1300308395848777,38.75193814182132],[-9.1300286411699609,38.751965093107408],[-9.1300266561781154,38.751989442010149],[-9.1300248661332617,38.75200952944342],[-9.1300136930204694,38.752102907209014],[-9.1300043174344427,38.752216432784721],[-9.1300003931668208,38.752262464778283],[-9.1299993950147602,38.752278202777639],[-9.1299960140527219,38.752319463189089],[-9.1299940575346703,38.752353799737257],[-9.1299924569220838,38.75244051832793],[-9.1299877569831409,38.75248917371195],[-9.1299823773113182,38.75255173218406],[-9.1299793224052497,38.752573843654481],[-9.1299705427603222,38.752662983524736],[-9.1299578369389369,38.752791903058146],[-9.1299547386195155,38.752898229163044],[-9.1299361198587601,38.753123578465257],[-9.129926080817798,38.753254757827634],[-9.129918052766504,38.753359650483631],[-9.1298903724802845,38.753591044734613],[-9.1298646771376859,38.753829934577873],[-9.1298465388542756,38.754041146442688],[-9.1299029659740167,38.754094093393505],[-9.1298902827229469,38.754201831675566],[-9.1298601388609217,38.754205097365094],[-9.1298315226960103,38.754208197786554],[-9.129809696895224,38.754378439218641],[-9.1297826117813567,38.754589730053233],[-9.129768670569014,38.754745418734466],[-9.1297538807414824,38.754910567467412],[-9.1297711367722432,38.754911742670458],[-9.1297512306899087,38.755144768516658],[-9.1297429135552957,38.755144285456453],[-9.1297354566121012,38.75514386352026],[-9.1297165673684901,38.755366718945233],[-9.1297131192564009,38.75541566088058],[-9.129710272942777,38.75543268383246],[-9.1296551322562163,38.755576375838054],[-9.1296433034801989,38.755607286184933],[-9.1296366663019182,38.755624619798624],[-9.1296154300430921,38.755850633531558],[-9.1295936861079063,38.756073487129733],[-9.1295717440257391,38.756293020317251],[-9.1295703310480807,38.756301107885108],[-9.1295539561914012,38.756519767578645],[-9.1295264569490922,38.756745392375329],[-9.1295009436730705,38.756971466832852],[-9.1294820820467937,38.757193739115849],[-9.1294610783756234,38.757419745378705],[-9.1294372668339996,38.75764305339996],[-9.1294140249479661,38.757866550221074],[-9.129392673551104,38.758094547440422],[-9.1293892611602772,38.758124733840056],[-9.1293774015096325,38.758230244550781],[-9.1293676268215282,38.758317001202066],[-9.1293477402315215,38.758541644907616],[-9.1293412421354478,38.758637930928941],[-9.1293323526368226,38.7587696597163],[-9.1292439974434192,38.758759590804011],[-9.1291921022570062,38.758761272576962],[-9.1291677917338578,38.758982620144906],[-9.1291548489296375,38.759116920962086],[-9.1291473394438878,38.759194680177252],[-9.1291295098743586,38.759409703942673],[-9.129087819786033,38.759837356312943],[-9.12901211475174,38.759831906737638],[-9.1290106360884486,38.759846947995882],[-9.1289809525478081,38.760144731245113],[-9.1289586780387051,38.76037184079636],[-9.1289494207457569,38.760460780077068],[-9.1289362974733841,38.760586859133845],[-9.1291466011081077,38.760597853645358],[-9.1291222187331638,38.760836754400493],[-9.1290983303027566,38.761056575962343],[-9.1290759388995735,38.76128114178676],[-9.1290630271141335,38.761412247205563],[-9.1290502153295492,38.761507181750467],[-9.1290429399514501,38.761595514120337],[-9.1290595529781751,38.761665937142176],[-9.1290709325024171,38.761714268032293],[-9.1291896024022972,38.762009089835246],[-9.1292470385852234,38.762151808478997],[-9.1291834808929622,38.762187852718938],[-9.129144574921483,38.762209907566515],[-9.1290914214031531,38.762240095377663],[-9.1290447971489215,38.762266573051178],[-9.1290333581142225,38.762264617646721],[-9.1290173282470359,38.76226189426049],[-9.1290058890816024,38.762262329530735],[-9.1289941175848686,38.762262776639545],[-9.1289747263968906,38.762267369218797],[-9.1289524669372533,38.762277006294802],[-9.1289354500816486,38.762287702154509],[-9.1289278023882918,38.762291819937445],[-9.1289131276119875,38.762281384202645],[-9.1287736525730505,38.762376548432051],[-9.128705991914801,38.762424113242631],[-9.1286404356294035,38.762470366565282],[-9.1286224527753941,38.762463795404834],[-9.1285936113174699,38.762459120099315],[-9.1285744236684199,38.762461889496826],[-9.1285543996384284,38.762468139431618],[-9.1285432018828168,38.762476677839828],[-9.1285340174636929,38.762485295482577],[-9.1285275252476019,38.762496978076356],[-9.1285237694482717,38.762510519097546],[-9.1285240274612338,38.762524203386434],[-9.1285294951869833,38.762538979189635],[-9.1285416447204177,38.76255174248324],[-9.1285509306568891,38.762557220317575],[-9.1285565636847998,38.762560542165254],[-9.128567208248322,38.762564686077795],[-9.1285984291877096,38.762593137988347],[-9.1286135467043259,38.762619620129662],[-9.1286168892094697,38.762635950765493],[-9.1286115965616847,38.762659774698818],[-9.1285936134844423,38.762708831346096],[-9.1285867464001207,38.762734935957731],[-9.1285840244341117,38.762769639260128],[-9.1285887913136836,38.762783488719776],[-9.1285740814070877,38.763013545889848]]]},"properties":{"OBJECTID":43,"NOME":"Alvalade"}},{"type":"Feature","id":44,"geometry":{"type":"Polygon","coordinates":[[[-9.1752166908035218,38.780260950007886],[-9.1755178538567996,38.780355890041172],[-9.1756832033692071,38.78040981088234],[-9.1758918603258852,38.780363899277454],[-9.1762636175553673,38.780028284666749],[-9.1764460041146769,38.77986163226543],[-9.1769570339980095,38.779970109606687],[-9.1774232756913534,38.780068807101053],[-9.1776674954663999,38.780188768705557],[-9.1780419453809277,38.780227208844195],[-9.1784366150100887,38.780074508567438],[-9.1785185260075917,38.780048915267209],[-9.1787940376595678,38.779940155807971],[-9.1790132903613824,38.779839917971145],[-9.1791799065533386,38.779877967953915],[-9.1793240441172941,38.779858570151646],[-9.1793584001077875,38.779839075110999],[-9.1795209519479037,38.779505324909074],[-9.1795608230208003,38.77945407398493],[-9.1796886400769342,38.779412212392948],[-9.1799541595402783,38.779312634840593],[-9.1802644865944067,38.779216173602933],[-9.1804398156619023,38.779165957686118],[-9.1807162066789125,38.779117180254261],[-9.1810098176527539,38.7790659012284],[-9.181136565163186,38.779045575308778],[-9.1814205382057263,38.779027174463437],[-9.1815459034882903,38.779014788235315],[-9.1816509802587181,38.778992315970385],[-9.1817222159486889,38.778937446398821],[-9.1819358760070422,38.778738799299028],[-9.1828678370081231,38.778579407569218],[-9.1831150869753095,38.778545159962825],[-9.1832308630907082,38.778341805182819],[-9.1833284922656055,38.778204193517944],[-9.1834587011080391,38.778027822171389],[-9.1836259710334378,38.777820670360647],[-9.1839178130863459,38.777547898074246],[-9.1848837535284069,38.776726884976163],[-9.1849462433298221,38.776641291899509],[-9.1851954273699832,38.776472760834949],[-9.1856745147625674,38.776225236844411],[-9.1857395273774909,38.775935770330221],[-9.1858734829983746,38.775881867270762],[-9.1860344158816556,38.775886268777839],[-9.1865735530419634,38.775778807682904],[-9.1867641335939521,38.775749166287177],[-9.1873730708631776,38.775677730146775],[-9.1874530481174137,38.775638904830529],[-9.1875510810171903,38.775560373342792],[-9.1875879332434955,38.775523376495045],[-9.1876983464212145,38.775394922016417],[-9.1877790283178999,38.775287091519601],[-9.1879259747346875,38.775099667432784],[-9.1881271676474814,38.774650883957293],[-9.188196608641169,38.774537390578587],[-9.1882333525771855,38.774493101813576],[-9.18833790705723,38.774474589893217],[-9.188741307294638,38.774425545580797],[-9.1890534258913448,38.774390472474046],[-9.1890904506012419,38.774365187295267],[-9.1891255055756123,38.774331181468625],[-9.189272612252207,38.77415546073339],[-9.1893738004944261,38.774025644095929],[-9.1894599640510801,38.773759405411411],[-9.1895653437509122,38.773547404365615],[-9.1896564407874397,38.773373630712832],[-9.1897425047895513,38.773365377019623],[-9.1898376702468028,38.773349923022877],[-9.1898933327400574,38.773324554626655],[-9.190294515282913,38.773118703376042],[-9.1903332328545915,38.773083218305025],[-9.1903746365125851,38.772972862462758],[-9.1906999917748333,38.772829300861943],[-9.191131297841423,38.772637673931676],[-9.1914654522108261,38.772458811964611],[-9.1916252563304397,38.772379717611891],[-9.1917215422960172,38.772315790137],[-9.1917756572659286,38.772271614031716],[-9.1919851667015369,38.772137570080965],[-9.1921525541735125,38.772042102233492],[-9.1922010473347804,38.772022565387438],[-9.1922356101206297,38.772025402164019],[-9.1922949668346394,38.772055130299734],[-9.192445099176874,38.77217005526348],[-9.192579034885151,38.772286662694853],[-9.1926138588161415,38.772307063942307],[-9.19269310241277,38.772304724067162],[-9.192902326943118,38.772291655401041],[-9.193111598215415,38.772281827832551],[-9.1931766473581646,38.772276465463548],[-9.1931926849074195,38.772263615426233],[-9.1932084327809864,38.772231585070145],[-9.1931812598956988,38.772176077077937],[-9.1930132226386334,38.771816120376357],[-9.192983185248492,38.77172253454652],[-9.1930119112367272,38.771734973167248],[-9.1930623643955602,38.771715418188286],[-9.1931651271099852,38.771653952057093],[-9.1933726261881681,38.771524701583637],[-9.193554087209808,38.771416399489375],[-9.1937049242088342,38.771314686794241],[-9.1938999684091236,38.771168067042652],[-9.193978573188728,38.771122766839476],[-9.1942006886323409,38.771017159121371],[-9.1944160273986757,38.77087350965909],[-9.1945279001569737,38.77075151926195],[-9.1948753111063777,38.770319951988739],[-9.1950472812489039,38.770130490023824],[-9.1951794598990482,38.769997143940707],[-9.1952376582580815,38.769948872023953],[-9.1952921059867485,38.769919640564751],[-9.195382762994381,38.769864680736298],[-9.1955275722448366,38.769767883778258],[-9.1956125033031562,38.76973044639896],[-9.1957482502200882,38.769705342439551],[-9.1958473546819608,38.769669397409338],[-9.1959140062482749,38.769640145659437],[-9.1959803423653561,38.769590183371335],[-9.1960365542697655,38.769540308626489],[-9.1960420643587071,38.76950044326091],[-9.1960229400593221,38.769444857299604],[-9.1959789121401894,38.769354550383994],[-9.1959782533620071,38.769317988427026],[-9.1959877637345748,38.76927646708279],[-9.1960495310618366,38.769189877471327],[-9.1962696299725426,38.76895700886385],[-9.1963816836315218,38.768839786454933],[-9.1965420414311545,38.768690241385222],[-9.1967488864345786,38.768517929223556],[-9.1968993968297195,38.768387656239952],[-9.1970056370336106,38.768289497052876],[-9.197055231804935,38.76820464452382],[-9.1970683122537249,38.768124894928171],[-9.1970528630347861,38.768045406870584],[-9.1970213247978876,38.767990296190106],[-9.1969282917179189,38.767852649498288],[-9.1969945810212561,38.767763826624076],[-9.1971054796690392,38.767643720731165],[-9.1972493245610831,38.767465971254104],[-9.197431422249295,38.767208476910035],[-9.1975856806540683,38.766973290489574],[-9.1977348944357722,38.766777848878846],[-9.1978564663140041,38.766617945973806],[-9.1979557001124448,38.766471479801289],[-9.1980214511066869,38.766356368449038],[-9.1981001483826734,38.766233155490788],[-9.1981610047622038,38.766147935022445],[-9.1982263275562417,38.766053666941318],[-9.1982782226098205,38.765984740276835],[-9.1984138976055974,38.765824980276513],[-9.1984772159480279,38.76575054562857],[-9.1985082158764104,38.765669200256696],[-9.198502623122188,38.765602600010567],[-9.1984023199904943,38.76542951296171],[-9.1982862808426304,38.765247263311501],[-9.1980556651106671,38.764896356559014],[-9.1978489515595907,38.764589637197851],[-9.1976944888328376,38.764369005334025],[-9.1973853195951758,38.764212389870202],[-9.1974478355314861,38.764106968205326],[-9.1974704060505754,38.764054429259986],[-9.1975116191265425,38.76389344612366],[-9.1975585954511274,38.763733577885624],[-9.1976011155366439,38.763560154774197],[-9.1976347697147123,38.763378613520032],[-9.197681396676618,38.763388366689263],[-9.197718891119008,38.763364150924758],[-9.1977710084709869,38.76334890699956],[-9.1978378304257138,38.763347124527769],[-9.1980562566105526,38.763366751233285],[-9.1981320687993939,38.763382000550081],[-9.1982079054231249,38.763398426911486],[-9.1983011059924262,38.763406671734153],[-9.1983768002807942,38.763413908646285],[-9.1984391781807719,38.763407662448742],[-9.1985220191234429,38.763407989109616],[-9.1986451769487942,38.763380654566596],[-9.1990361381752486,38.763173240653856],[-9.1997953951767926,38.762805276083462],[-9.2003544783896274,38.762670273437216],[-9.2004122410891664,38.762640107644465],[-9.2004409592713046,38.762613726419829],[-9.2006640698032829,38.762068340297049],[-9.2007018370401017,38.761969897886402],[-9.2006024589163165,38.761933247712591],[-9.1994511022652237,38.761457533854148],[-9.1989000594502421,38.761552554371661],[-9.198175915899828,38.76095546604688],[-9.1981320652464227,38.760583032628105],[-9.1981236902740946,38.760538251988841],[-9.1979099126056703,38.760575602272461],[-9.1978375829286119,38.760585543756463],[-9.1978281576562289,38.760477893832032],[-9.1978382757134636,38.760407810276511],[-9.1978694559657779,38.760168462337454],[-9.1979453102091338,38.759715041816072],[-9.1980154596752559,38.759241499361003],[-9.1980360953104476,38.759120517835491],[-9.1980530400040958,38.759060822876791],[-9.1980599122404776,38.759054826828681],[-9.197887638892297,38.759038517810922],[-9.1976394832806072,38.758984032938727],[-9.1973550391764576,38.758887543192927],[-9.1960596459797213,38.758500307606276],[-9.1953275869966991,38.758285320373524],[-9.19528317090443,38.758272276318245],[-9.1945169986419071,38.758040543154578],[-9.1942783877286658,38.757931016906802],[-9.1938533013272465,38.757736712478412],[-9.1937935894979503,38.75771611131983],[-9.1937006655848652,38.757684052753639],[-9.1937466814582969,38.757619856409427],[-9.1937654518640173,38.757593670666928],[-9.1940230161687815,38.757234339793676],[-9.1943926734362762,38.756561703928853],[-9.1946695257605882,38.755996060346014],[-9.1947075403971787,38.755918389470118],[-9.1946441319882215,38.755831591616435],[-9.1945960339743884,38.755793773267307],[-9.1945854059062722,38.755785415078762],[-9.1945603262660889,38.755765696896475],[-9.1945274861618635,38.755759032117567],[-9.1944668633596187,38.755746729433547],[-9.1943840472749727,38.755747483263775],[-9.194287053578881,38.75575079065991],[-9.1941678833958065,38.755754853286263],[-9.1937398883314074,38.755829004247268],[-9.1934754551148057,38.755839514255783],[-9.1932932106326568,38.755806941530949],[-9.1932192487816096,38.75578419305532],[-9.1931219890741946,38.755741839591273],[-9.1930001736565554,38.755672685350753],[-9.1929131453398778,38.755622131912446],[-9.1925827030452734,38.755447679676614],[-9.1925042502122931,38.755354711559029],[-9.1921278851627726,38.755108613704962],[-9.1916102265932995,38.754720573082054],[-9.1914270136111718,38.754622249281084],[-9.1912981673911336,38.75454414910245],[-9.1907025105882276,38.754248690968488],[-9.1899625841590726,38.753842840394668],[-9.1894967412679094,38.753590188108802],[-9.1893417752748388,38.753506139764234],[-9.1885815854253519,38.753102292020145],[-9.1882835286768376,38.752930142737107],[-9.1881665220399178,38.752864352118742],[-9.1880352243888392,38.75279376310317],[-9.1874322967331334,38.752471330290227],[-9.1873615580435004,38.752434530150005],[-9.187352139436511,38.752429630188054],[-9.1869676394336253,38.75288276719828],[-9.1868232207740945,38.753025447633746],[-9.1864281532388556,38.753415762240166],[-9.1864047952422982,38.753438852557544],[-9.18625527499821,38.753577318474989],[-9.1859351800031792,38.753873750317616],[-9.1856346391963832,38.75412024700146],[-9.1855151891696565,38.754218221344132],[-9.1853585350757001,38.754343646701201],[-9.1851976825773143,38.754472431717801],[-9.1844383055728009,38.755014835380337],[-9.1843928975137015,38.755042350998181],[-9.1835956742792089,38.755525425546047],[-9.1828859349968948,38.755904993885999],[-9.1826237200903176,38.756032388767089],[-9.1824947140439974,38.756095063200675],[-9.1816654025049793,38.756426194421394],[-9.1812475053511093,38.75659305069501],[-9.1810412310633147,38.756663992904869],[-9.1806905247145281,38.756784602204661],[-9.1802363544454586,38.756926686964974],[-9.1796063129050136,38.757086451692118],[-9.1790483794805571,38.757221255690567],[-9.1784914617955646,38.757321503032884],[-9.1784796159762294,38.757323636642489],[-9.1784551221879944,38.757328040744994],[-9.1783699131410845,38.75734336394499],[-9.1782418746311976,38.757366390724926],[-9.1774557201513414,38.757495133330643],[-9.1768657746136952,38.757565257724501],[-9.1765033296012088,38.757592820465682],[-9.1758402146747287,38.757623068585396],[-9.1751976789079048,38.757637005491048],[-9.1749185118010974,38.757648633607047],[-9.1746674872682075,38.757718575386846],[-9.174476909847856,38.757745498158911],[-9.1742819798155946,38.757789574220155],[-9.1741341079056706,38.757841967478065],[-9.1743629894880172,38.758028097040324],[-9.1746782892681082,38.758239216536289],[-9.1748712214630466,38.758358107842319],[-9.1750539346042768,38.758462498192209],[-9.1751366398052809,38.758532830582595],[-9.1753403573912831,38.758696933273818],[-9.1754779537880911,38.758823614224731],[-9.1755909107205014,38.758917186830494],[-9.175762833469534,38.759030949429594],[-9.176211121831237,38.759201873544015],[-9.176389865042708,38.759270446162802],[-9.17656543244766,38.759318418100221],[-9.1768233944363189,38.759415196882223],[-9.1770504549822025,38.75952296949248],[-9.1776020647173606,38.759754145342839],[-9.1780866275149311,38.75995721831876],[-9.1782068333318403,38.760007593308117],[-9.1786007118048474,38.760075857235648],[-9.1785973556099023,38.760239828245446],[-9.1785928154234409,38.760322739680774],[-9.1785790463938426,38.760403933012661],[-9.1785439468919421,38.760521347428835],[-9.1784571973707756,38.760725699557703],[-9.1784023448624197,38.760829779812035],[-9.1783306326138483,38.760961035108721],[-9.1782177195204202,38.761107070371104],[-9.1781194637458139,38.761217258559071],[-9.1781067902164342,38.761231469978711],[-9.1780682711553823,38.761272349463916],[-9.1779437486100299,38.761411282925032],[-9.1778350271075624,38.76152935707907],[-9.1777637006299493,38.761608363365617],[-9.1777206848680244,38.761656489164871],[-9.1775735480418614,38.761822647739713],[-9.1775090180187995,38.761894386895079],[-9.1774558994092974,38.761959717687205],[-9.1773791879430124,38.762063993680293],[-9.1771910388460594,38.762336810184628],[-9.1769969254231967,38.762595267185006],[-9.1769361470214488,38.762687689535227],[-9.1769272077658197,38.762705784962449],[-9.1769228556655396,38.762722938640032],[-9.1769175106710392,38.762827426335178],[-9.17692221744365,38.762915710211594],[-9.1769626893462046,38.763087395774541],[-9.1770048972591667,38.763377967768825],[-9.1771141028169563,38.763686856716724],[-9.1771218123919542,38.763978638487558],[-9.177129156299042,38.764167798649467],[-9.177130657712615,38.764183348898129],[-9.1771343046872556,38.764219886148119],[-9.1771386212485169,38.76426313182337],[-9.1771383748779805,38.764412563363194],[-9.177137339575463,38.765042312622818],[-9.1771437084191945,38.765478589438075],[-9.1771466761780029,38.765682687527416],[-9.1771356619257123,38.765691609051835],[-9.1769431450722294,38.765847539366412],[-9.1769554703106007,38.766140180598455],[-9.1769633849805157,38.766342853593187],[-9.1769701690124297,38.766516572138535],[-9.1769569342487607,38.76672565930874],[-9.1769533390428002,38.766782450388781],[-9.1769350115974397,38.766945654131447],[-9.1769075085147218,38.767075479495823],[-9.1768868041870064,38.767347830182608],[-9.1768715853972473,38.767487585892823],[-9.176767700924529,38.768410906401343],[-9.1767525867095525,38.768557867367498],[-9.1767454282258907,38.768619184230062],[-9.176733147358263,38.768723783299961],[-9.176710105554827,38.768800555232012],[-9.1766753349000183,38.768862118661303],[-9.176638954470171,38.768892170110412],[-9.1767155586814706,38.769331962181631],[-9.1767354186843768,38.769510138038129],[-9.176749282343744,38.769592884935427],[-9.1767551463938446,38.769679306383225],[-9.1767476644555241,38.76995500955028],[-9.1767525749274466,38.770054951182303],[-9.1767618630784771,38.770139541388438],[-9.1767855630000934,38.77026543688185],[-9.1768203466860534,38.770362409377235],[-9.1768731563922401,38.770433098295307],[-9.1769174128724451,38.770469634014631],[-9.1776756368639791,38.769994446445658],[-9.1781282922177247,38.769711153844625],[-9.1784498784177107,38.769513706024277],[-9.1786340706560576,38.769416698308895],[-9.1786691079056695,38.76939824497137],[-9.1789364542853491,38.769257259937788],[-9.1793450523959592,38.769041785553455],[-9.1795515379175221,38.769313767964476],[-9.1796536308200825,38.769449770223616],[-9.179951740072184,38.769849740812255],[-9.1799710187537524,38.769909018567425],[-9.1799961276733892,38.769973648758757],[-9.180067755916399,38.770072091760483],[-9.1802278856881827,38.770321068858507],[-9.1803651792986276,38.770581961381154],[-9.1805036496072194,38.770844644735696],[-9.1806160592854127,38.771056218072616],[-9.1807127347794317,38.771214786448439],[-9.1808351037155642,38.771399246942806],[-9.1811035268211096,38.771813892980326],[-9.1812188366070977,38.771987607017145],[-9.1814201138830107,38.772295664631926],[-9.181515403884454,38.772438030725858],[-9.1816015102245725,38.772556150032869],[-9.1816915458669222,38.772679656696361],[-9.181779246880172,38.772775251125772],[-9.1819205722294495,38.77291810363355],[-9.1820406610932679,38.773025117285769],[-9.1822118746970922,38.773165899597288],[-9.1823421332392048,38.773260209848971],[-9.18257993118028,38.773419699223773],[-9.1826204769069761,38.773446892576139],[-9.1827291161244791,38.773519754469149],[-9.1825295994537974,38.773645855398271],[-9.1822719470258338,38.773809410712161],[-9.1817680901162753,38.774132813801046],[-9.1814672816908409,38.77433548802761],[-9.1812461374508985,38.774477995683128],[-9.1811458012800831,38.774541050109214],[-9.181097808998226,38.774563999942913],[-9.1810530694864863,38.77457340982901],[-9.1809897894137649,38.774573978179923],[-9.1808928403890206,38.774554131405992],[-9.180664150579485,38.774495833177973],[-9.1806179970093549,38.774487240026907],[-9.1805695950417441,38.774482269219419],[-9.1805281622352748,38.774481740714577],[-9.1804902337585812,38.774484783896128],[-9.180453509652116,38.774491418479904],[-9.1804065216912427,38.774504451379606],[-9.1803676413609896,38.774521013811352],[-9.1803105366704845,38.774550351327235],[-9.1802461497281307,38.774590114810181],[-9.1802409734613821,38.774593312111904],[-9.1801988521117792,38.774624315966562],[-9.1801637130450509,38.774660662810199],[-9.180149019289086,38.774678810011231],[-9.1801332814765306,38.774704172783501],[-9.1801260891490752,38.774716419336904],[-9.180123176734444,38.774721378087705],[-9.1801154532490656,38.774743966720031],[-9.1800869107350547,38.774837903285757],[-9.1800509342997501,38.77497424207646],[-9.1799663723028164,38.775365510905679],[-9.1799647188934728,38.775373157102216],[-9.1799544927562291,38.775460623201681],[-9.1798699644629576,38.775465081686789],[-9.1797486761928386,38.775471477242746],[-9.1795795842623509,38.775475696617391],[-9.1794525463075995,38.775530792532393],[-9.1793306947648627,38.775651518446267],[-9.1791362010470046,38.775844214429661],[-9.1787106847771689,38.776191583486252],[-9.1783718055605412,38.776467481285977],[-9.1777258794968759,38.776993353267237],[-9.1771168279338617,38.777507560469225],[-9.1766998843407279,38.777868086136458],[-9.1763283782893428,38.778245003277519],[-9.1760757541522118,38.778501315228141],[-9.1760156411259182,38.778598127682471],[-9.1759684921439355,38.778674060600132],[-9.1757537555145081,38.779012958350357],[-9.175481242997618,38.779438305201069],[-9.1752936830107821,38.779889285635491],[-9.1752357945442551,38.78017260259719],[-9.1752325222230073,38.780188608858609],[-9.1752210715004772,38.780244638407773],[-9.1752166908035218,38.780260950007886]]]},"properties":{"OBJECTID":44,"NOME":"Carnide"}},{"type":"Feature","id":45,"geometry":{"type":"Polygon","coordinates":[[[-9.141806634548395,38.777731864715271],[-9.1436501577507752,38.77817342124942],[-9.1438830604180854,38.777625251085524],[-9.144463063918856,38.77626009589526],[-9.1452840011582808,38.776618690173514],[-9.1460770912505929,38.776960406112153],[-9.1465266880894251,38.777179909297899],[-9.1475464998966416,38.777677788612444],[-9.1475857479487335,38.777593844803484],[-9.1478694996230043,38.776870029241103],[-9.1493513968338043,38.77724068875694],[-9.1504956702361984,38.777529709586318],[-9.1507389340388716,38.777594992197045],[-9.1510503581289022,38.777649817050197],[-9.1513420211013283,38.777714208381148],[-9.1519560264526838,38.777907360339135],[-9.1524684163346759,38.778346964834292],[-9.1527344361573721,38.778612394995754],[-9.1529543241837494,38.778824622725665],[-9.1530283177282907,38.778870609332358],[-9.1530862890287121,38.778899377742867],[-9.1532406418363426,38.77892926666901],[-9.1535554249323212,38.779015761967806],[-9.1539958183481662,38.779114552788428],[-9.1542498049862164,38.779183103262326],[-9.1544703331680672,38.779208565044492],[-9.154572945287148,38.77920766723453],[-9.1546754834226292,38.779202310228229],[-9.1547982235397853,38.779196641388253],[-9.1548080254192037,38.779157822224796],[-9.1550077570995523,38.779122744259439],[-9.1550351064914448,38.779023420383147],[-9.1552545357842803,38.779078246658763],[-9.1553351429140957,38.779082043646937],[-9.1554074010385431,38.779065196621701],[-9.1554610550328128,38.779035001544912],[-9.1554995964936197,38.778994129327444],[-9.1555164303241394,38.778964255462967],[-9.1555441390706882,38.778890150114947],[-9.1556190583333699,38.778898500565276],[-9.1556655033893364,38.778853135413222],[-9.1558619274418511,38.778661270254787],[-9.1559190437196385,38.778390537770335],[-9.1559755140283432,38.778396348037383],[-9.1560032392698609,38.778242973942916],[-9.155975573041907,38.778239612999705],[-9.1560054567695364,38.778076311445943],[-9.1560642409284068,38.778083002195807],[-9.1560871688940306,38.777956969057925],[-9.1560983794016391,38.777895342354455],[-9.1560107915597282,38.777886201420401],[-9.1560268389145953,38.777801388685333],[-9.1560833087651385,38.777807198907055],[-9.1561110335750637,38.777653824777992],[-9.1560833804384956,38.777651364522711],[-9.1561121142516022,38.777488072994473],[-9.1561708839158236,38.777493863042082],[-9.1562050347312205,38.777307103824334],[-9.1561185864813162,38.777297052211111],[-9.1561569911442291,38.77708593474317],[-9.1572590726426224,38.777087641848254],[-9.1573435320346483,38.77709534100309],[-9.1574347769802618,38.777118860439778],[-9.1575100296092931,38.777150627904042],[-9.1575656310556752,38.777184243044623],[-9.1579825492723046,38.777435958860188],[-9.1580683960402212,38.777489819215404],[-9.1584564211500119,38.77723316408612],[-9.1596072772361907,38.776471928450874],[-9.1596043559831752,38.77650888512256],[-9.1596038521158434,38.776553928465155],[-9.1596048799493275,38.776563898258864],[-9.1596105358252569,38.776618725793888],[-9.1596254943057662,38.776698762764212],[-9.1596491009077408,38.776820159563606],[-9.1596763671099275,38.776955935758274],[-9.1596899544822339,38.777020671529691],[-9.1596986683437471,38.777066534669991],[-9.1597073656679928,38.777080101451475],[-9.159720535902224,38.777100649602865],[-9.1597317554650424,38.777112116128791],[-9.1599799573559757,38.777342397384736],[-9.1600043070062238,38.777374245711542],[-9.1600098287650766,38.777385192086989],[-9.1600259168935558,38.777417657978603],[-9.1600296287218459,38.777433190806676],[-9.1600381603305223,38.777468894741119],[-9.1600400839066225,38.777480415904478],[-9.1600545284391988,38.777566934817386],[-9.1600637076304317,38.777645220947718],[-9.1600667592031062,38.777697438361074],[-9.1600679628550825,38.777781200148624],[-9.1600653776636616,38.777841574100364],[-9.1600582559379564,38.777899201812296],[-9.1600571310157619,38.777908304152319],[-9.1600559834084443,38.77791927490545],[-9.1600460008872346,38.77801469287801],[-9.1600368231918292,38.778096744336047],[-9.1600317513660432,38.778133301044903],[-9.1600243098964054,38.778186932107523],[-9.1600186978857625,38.778248570322532],[-9.1600153646576654,38.77828519462301],[-9.1600052171124311,38.778379864589674],[-9.1599937756992897,38.778464638266627],[-9.1599853081847264,38.778516057021967],[-9.1599478599468398,38.778634406026228],[-9.1605287921685985,38.778854277225214],[-9.1607407519135506,38.778922409295909],[-9.1610674583439877,38.778967582379146],[-9.1614688491202134,38.779028383394767],[-9.1617356442732376,38.779067178260192],[-9.1621743791763777,38.779130732380146],[-9.1626995046854152,38.779303929336876],[-9.1628749465889765,38.779353166570928],[-9.1629250116180305,38.779365283115062],[-9.1629566368809581,38.779372937555728],[-9.163002664426406,38.779319971527862],[-9.1630317493326778,38.779262065414791],[-9.1630527809476128,38.779204230274509],[-9.1630647888986339,38.779159085552159],[-9.1630799766329112,38.779094996469311],[-9.1630974514974604,38.779029987347847],[-9.1631270001280392,38.778924335900939],[-9.1631488441617766,38.778843073358068],[-9.1631651694237579,38.778778073456834],[-9.1631869745137688,38.778694109815966],[-9.1632055738815499,38.77862728830619],[-9.1632154500126006,38.778593872468505],[-9.163488260785412,38.778599570680491],[-9.1634891044006022,38.778658112896792],[-9.1634807831053422,38.778719439157861],[-9.1634668371511676,38.778789822789847],[-9.1634407161599558,38.778893641644288],[-9.163405777772093,38.779024562465636],[-9.1633686687443703,38.779164509288037],[-9.1633404147160462,38.779280057931636],[-9.1633197991651762,38.779366714339695],[-9.1633045727033853,38.77942810055773],[-9.1632902765574578,38.779474166252236],[-9.1632796525952944,38.779535512791888],[-9.1632753363095425,38.779555367951552],[-9.1632710966242605,38.779580627101609],[-9.1632678143381963,38.779592366146616],[-9.1632533614830667,38.779627623885418],[-9.1632309460267347,38.779669257259123],[-9.1632051704941322,38.779717225691392],[-9.1631826890427135,38.779754355749112],[-9.1631770665874601,38.779763413086904],[-9.1631411673287655,38.779827684741008],[-9.1630839393910364,38.779929076260998],[-9.1630716192256134,38.77995260506944],[-9.1630548531177123,38.77998698239378],[-9.1630381129063529,38.78002316104255],[-9.1630282235538907,38.780055676197627],[-9.1630127894265794,38.780102652662187],[-9.1630030048492834,38.780142373112042],[-9.1630008860944194,38.780155002671663],[-9.1629934805259516,38.780200106818668],[-9.1629871078421949,38.780237094863651],[-9.1629743647445121,38.780311070031225],[-9.1629660676072486,38.780374197584081],[-9.162959994019964,38.780431900874184],[-9.1629549415062463,38.780480586488608],[-9.1629532502599123,38.780522937937619],[-9.1629530087857791,38.780585994492426],[-9.1629550804067446,38.780649930537884],[-9.1629700812759527,38.780732668962926],[-9.1629937303191635,38.780776598634155],[-9.1629753634301405,38.780859631135009],[-9.16300299219583,38.781099893412353],[-9.1630055785504982,38.781119687721137],[-9.1630121233198931,38.781174576561071],[-9.1630824472009991,38.781502737783221],[-9.1631137791789481,38.781600645444691],[-9.1631436366206493,38.781676046659818],[-9.1631744881408572,38.781740629775292],[-9.1633240142913142,38.782054579157176],[-9.1634024508287126,38.782226835042586],[-9.1634395110338787,38.78232288964012],[-9.1634748285452137,38.782457693911098],[-9.1635212153116878,38.782641942403373],[-9.1635276828597121,38.782691427215866],[-9.1635342022850725,38.78274451557953],[-9.1635445767940062,38.782825493138162],[-9.1635503085367418,38.782903809304656],[-9.1635383910644368,38.782955258692468],[-9.1635036813261195,38.783022222272059],[-9.1634343989787546,38.783085888476123],[-9.1633305168518593,38.783144455028101],[-9.163116533271614,38.783229215601629],[-9.1630101172045517,38.78327159021724],[-9.1627170599185135,38.783379567295285],[-9.162639306010524,38.783414482805817],[-9.1625742485417412,38.78345198874139],[-9.1625333815319774,38.783491082187716],[-9.1624994186639004,38.783530114798907],[-9.1624692834231194,38.783595236218275],[-9.1624677343142462,38.783647494936019],[-9.1624793620802887,38.783735667758947],[-9.1625138226069929,38.783811028557679],[-9.1625267005065307,38.78382622831932],[-9.1625484276067493,38.783851454136482],[-9.1625559602254647,38.78386019917663],[-9.1626199365187606,38.783907375820142],[-9.1627321506399984,38.783947821056657],[-9.1628129331080697,38.783963321409722],[-9.162948792804718,38.783967526987695],[-9.1630233942199375,38.783953356929139],[-9.1630849597601713,38.783913179193689],[-9.1632442144017148,38.783783864116984],[-9.1634013355680004,38.783666276834879],[-9.1635516545953948,38.783555955541843],[-9.1639436994789278,38.783289467196262],[-9.1642547961145162,38.783075937851052],[-9.1643219968874661,38.783027602743886],[-9.1644007704751385,38.782983669347232],[-9.1644877025839779,38.782946870104709],[-9.1645655069668965,38.782915556030822],[-9.1646217077849279,38.782902448153543],[-9.1647158163465114,38.782884501710122],[-9.1648066296952511,38.78287739270867],[-9.1650171510209777,38.782871928004944],[-9.1652210483778642,38.782866561063209],[-9.165274838585276,38.782865144631572],[-9.1653163152125359,38.782868380466091],[-9.1653872190549137,38.782889523200048],[-9.1654250588492108,38.782900804436053],[-9.1655070226177777,38.782925243516893],[-9.1658371911877197,38.783076353453801],[-9.1660530268310545,38.783199649215405],[-9.1660687517343877,38.783209449382973],[-9.1662446313347736,38.783319051268855],[-9.1668256736147153,38.783788357167722],[-9.1683811939256898,38.78504469820507],[-9.1684373248609248,38.785076823405227],[-9.1689562387881107,38.785373815298705],[-9.1691029019834911,38.785454490233739],[-9.1692032491746716,38.785509685553656],[-9.1692621956093827,38.785542109666196],[-9.1692685721760139,38.785566170509632],[-9.1692969749133777,38.785558080090972],[-9.1693918623194079,38.785531052152344],[-9.1695185366986962,38.785417691937447],[-9.1696049549764798,38.785305408395445],[-9.1696549464774257,38.785268844712832],[-9.1695775447307586,38.785002814997966],[-9.1696306051140812,38.784875782544198],[-9.1697356585549574,38.784660108213416],[-9.1698564079288829,38.784423932471149],[-9.1699464652731244,38.784253607271211],[-9.1700320829146733,38.784086747049777],[-9.1701216527856122,38.783898319525129],[-9.170232503449256,38.783670160759968],[-9.1703625367362918,38.783677022581884],[-9.170472162313823,38.783665870645798],[-9.1706745898974464,38.783593990278632],[-9.1707677138950547,38.783547941675913],[-9.1708607567208027,38.783496222430649],[-9.1709633466915648,38.783404964301042],[-9.1710201632185768,38.783338968691979],[-9.1710991045295547,38.783211620097035],[-9.1711283315644909,38.783132275886715],[-9.1711180613315761,38.783019320550721],[-9.1711939643883742,38.78288073376352],[-9.1713912674694704,38.782852946563729],[-9.1715871302068983,38.782820761629281],[-9.1717702354414872,38.782805526181093],[-9.172051116270465,38.782763483295874],[-9.1721963822832571,38.782733998230036],[-9.1722853640132627,38.782695912990533],[-9.1723980994432672,38.782605555134033],[-9.1726265896153709,38.782340221200407],[-9.1727003309690254,38.782251383646397],[-9.1728145587918046,38.782153169948458],[-9.1729334534449531,38.782083202601612],[-9.1730781092780873,38.782011833056536],[-9.173227037986706,38.781925742639913],[-9.1732536351989147,38.782068999617195],[-9.1735831074304368,38.781997154305699],[-9.1735416442261037,38.781631361373861],[-9.1735019493271022,38.781275639557329],[-9.1737330791223606,38.781192238650767],[-9.1739009193325334,38.780626860284634],[-9.1739073157127642,38.780567981685117],[-9.1740038524118379,38.780559193175002],[-9.1751307987838651,38.780233872948308],[-9.1752166908035218,38.780260950007886],[-9.1752210715004772,38.780244638407773],[-9.1752325222230073,38.780188608858609],[-9.1752357945442551,38.78017260259719],[-9.1752936830107821,38.779889285635491],[-9.175481242997618,38.779438305201069],[-9.1757537555145081,38.779012958350357],[-9.1759684921439355,38.778674060600132],[-9.1760156411259182,38.778598127682471],[-9.1760757541522118,38.778501315228141],[-9.1763283782893428,38.778245003277519],[-9.1766998843407279,38.777868086136458],[-9.1771168279338617,38.777507560469225],[-9.1777258794968759,38.776993353267237],[-9.1783718055605412,38.776467481285977],[-9.1787106847771689,38.776191583486252],[-9.1791362010470046,38.775844214429661],[-9.1793306947648627,38.775651518446267],[-9.1794525463075995,38.775530792532393],[-9.1795795842623509,38.775475696617391],[-9.1797486761928386,38.775471477242746],[-9.1798699644629576,38.775465081686789],[-9.1799544927562291,38.775460623201681],[-9.1799647188934728,38.775373157102216],[-9.1799663723028164,38.775365510905679],[-9.1800509342997501,38.77497424207646],[-9.1800869107350547,38.774837903285757],[-9.1801154532490656,38.774743966720031],[-9.180123176734444,38.774721378087705],[-9.1801260891490752,38.774716419336904],[-9.1801332814765306,38.774704172783501],[-9.180149019289086,38.774678810011231],[-9.1801637130450509,38.774660662810199],[-9.1801988521117792,38.774624315966562],[-9.1802409734613821,38.774593312111904],[-9.1802461497281307,38.774590114810181],[-9.1803105366704845,38.774550351327235],[-9.1803676413609896,38.774521013811352],[-9.1804065216912427,38.774504451379606],[-9.180453509652116,38.774491418479904],[-9.1804902337585812,38.774484783896128],[-9.1805281622352748,38.774481740714577],[-9.1805695950417441,38.774482269219419],[-9.1806179970093549,38.774487240026907],[-9.180664150579485,38.774495833177973],[-9.1808928403890206,38.774554131405992],[-9.1809897894137649,38.774573978179923],[-9.1810530694864863,38.77457340982901],[-9.181097808998226,38.774563999942913],[-9.1811458012800831,38.774541050109214],[-9.1812461374508985,38.774477995683128],[-9.1814672816908409,38.77433548802761],[-9.1817680901162753,38.774132813801046],[-9.1822719470258338,38.773809410712161],[-9.1825295994537974,38.773645855398271],[-9.1827291161244791,38.773519754469149],[-9.1826204769069761,38.773446892576139],[-9.18257993118028,38.773419699223773],[-9.1823421332392048,38.773260209848971],[-9.1822118746970922,38.773165899597288],[-9.1820406610932679,38.773025117285769],[-9.1819205722294495,38.77291810363355],[-9.181779246880172,38.772775251125772],[-9.1816915458669222,38.772679656696361],[-9.1816015102245725,38.772556150032869],[-9.181515403884454,38.772438030725858],[-9.1814201138830107,38.772295664631926],[-9.1812188366070977,38.771987607017145],[-9.1811035268211096,38.771813892980326],[-9.1808351037155642,38.771399246942806],[-9.1807127347794317,38.771214786448439],[-9.1806160592854127,38.771056218072616],[-9.1805036496072194,38.770844644735696],[-9.1803651792986276,38.770581961381154],[-9.1802278856881827,38.770321068858507],[-9.180067755916399,38.770072091760483],[-9.1799961276733892,38.769973648758757],[-9.1799710187537524,38.769909018567425],[-9.179951740072184,38.769849740812255],[-9.1796536308200825,38.769449770223616],[-9.1795515379175221,38.769313767964476],[-9.1793450523959592,38.769041785553455],[-9.1789364542853491,38.769257259937788],[-9.1786691079056695,38.76939824497137],[-9.1786340706560576,38.769416698308895],[-9.1784498784177107,38.769513706024277],[-9.1781282922177247,38.769711153844625],[-9.1776756368639791,38.769994446445658],[-9.1769174128724451,38.770469634014631],[-9.1768731563922401,38.770433098295307],[-9.1768203466860534,38.770362409377235],[-9.1767855630000934,38.77026543688185],[-9.1767618630784771,38.770139541388438],[-9.1767525749274466,38.770054951182303],[-9.1767476644555241,38.76995500955028],[-9.1767551463938446,38.769679306383225],[-9.176749282343744,38.769592884935427],[-9.1767354186843768,38.769510138038129],[-9.1767155586814706,38.769331962181631],[-9.176638954470171,38.768892170110412],[-9.1766753349000183,38.768862118661303],[-9.176710105554827,38.768800555232012],[-9.176733147358263,38.768723783299961],[-9.1767454282258907,38.768619184230062],[-9.1767525867095525,38.768557867367498],[-9.176767700924529,38.768410906401343],[-9.1768715853972473,38.767487585892823],[-9.1768868041870064,38.767347830182608],[-9.1769075085147218,38.767075479495823],[-9.1769350115974397,38.766945654131447],[-9.1769533390428002,38.766782450388781],[-9.1769569342487607,38.76672565930874],[-9.1769701690124297,38.766516572138535],[-9.1769633849805157,38.766342853593187],[-9.1769554703106007,38.766140180598455],[-9.1769431450722294,38.765847539366412],[-9.1771356619257123,38.765691609051835],[-9.1771466761780029,38.765682687527416],[-9.1771437084191945,38.765478589438075],[-9.177137339575463,38.765042312622818],[-9.1771383748779805,38.764412563363194],[-9.1771386212485169,38.76426313182337],[-9.1771343046872556,38.764219886148119],[-9.177130657712615,38.764183348898129],[-9.177129156299042,38.764167798649467],[-9.1771218123919542,38.763978638487558],[-9.1771141028169563,38.763686856716724],[-9.1770048972591667,38.763377967768825],[-9.1769626893462046,38.763087395774541],[-9.17692221744365,38.762915710211594],[-9.1769175106710392,38.762827426335178],[-9.1769228556655396,38.762722938640032],[-9.1769272077658197,38.762705784962449],[-9.1769361470214488,38.762687689535227],[-9.1769969254231967,38.762595267185006],[-9.1771910388460594,38.762336810184628],[-9.1773791879430124,38.762063993680293],[-9.1774558994092974,38.761959717687205],[-9.1775090180187995,38.761894386895079],[-9.1775735480418614,38.761822647739713],[-9.1777206848680244,38.761656489164871],[-9.1777637006299493,38.761608363365617],[-9.1778350271075624,38.76152935707907],[-9.1779437486100299,38.761411282925032],[-9.1780682711553823,38.761272349463916],[-9.1781067902164342,38.761231469978711],[-9.1781194637458139,38.761217258559071],[-9.1782177195204202,38.761107070371104],[-9.1783306326138483,38.760961035108721],[-9.1784023448624197,38.760829779812035],[-9.1784571973707756,38.760725699557703],[-9.1785439468919421,38.760521347428835],[-9.1785790463938426,38.760403933012661],[-9.1785928154234409,38.760322739680774],[-9.1785973556099023,38.760239828245446],[-9.1786007118048474,38.760075857235648],[-9.1782068333318403,38.760007593308117],[-9.1780866275149311,38.75995721831876],[-9.1776020647173606,38.759754145342839],[-9.1770504549822025,38.75952296949248],[-9.1768233944363189,38.759415196882223],[-9.17656543244766,38.759318418100221],[-9.176389865042708,38.759270446162802],[-9.176211121831237,38.759201873544015],[-9.175762833469534,38.759030949429594],[-9.1755909107205014,38.758917186830494],[-9.1754779537880911,38.758823614224731],[-9.1753403573912831,38.758696933273818],[-9.1751366398052809,38.758532830582595],[-9.1750539346042768,38.758462498192209],[-9.1748712214630466,38.758358107842319],[-9.1746782892681082,38.758239216536289],[-9.1743629894880172,38.758028097040324],[-9.1741341079056706,38.757841967478065],[-9.1742819798155946,38.757789574220155],[-9.174476909847856,38.757745498158911],[-9.1746674872682075,38.757718575386846],[-9.1749185118010974,38.757648633607047],[-9.1751976789079048,38.757637005491048],[-9.1748244163106367,38.757640338415257],[-9.1721863845690876,38.757514266889039],[-9.1706175109833641,38.757390455281119],[-9.1696976179426528,38.757317848225163],[-9.1696422252999756,38.757316507312396],[-9.1677601216039744,38.757270936455726],[-9.1675823009746384,38.757266630200441],[-9.1675037040285829,38.757264306425455],[-9.1669495329543942,38.757247917099491],[-9.1668444842099976,38.757248848080437],[-9.1663275833285152,38.757253426013826],[-9.1659854941038166,38.757256454204963],[-9.1658950403214394,38.757255841123794],[-9.1654670671682066,38.75725293569149],[-9.1648460532186498,38.757323283778639],[-9.1648135972275195,38.757324382789406],[-9.1642450250815131,38.757343639061979],[-9.1638959130996991,38.757421279832982],[-9.1634907101108887,38.757511392665165],[-9.163071275917229,38.757604668744115],[-9.1625106899207385,38.757729332167074],[-9.1618975798794686,38.757865672686528],[-9.1614400765883808,38.757967407569652],[-9.1600185207402021,38.758366561442763],[-9.1598429407577573,38.758415860740023],[-9.159791082766457,38.758430420726746],[-9.1596769545751666,38.758462465944696],[-9.1551497233180577,38.759739302281972],[-9.1551144700743983,38.759749166948019],[-9.1542027333952127,38.760004245613707],[-9.1527439771300951,38.760412346799761],[-9.1518693143987164,38.760657037447466],[-9.1518237057035776,38.76066979732326],[-9.1517087940514017,38.760701943398146],[-9.1516324522426462,38.760723742856186],[-9.151405841916965,38.760788449708237],[-9.1512113655449685,38.760856255030717],[-9.1507406201650028,38.761020437183028],[-9.1505593471116597,38.761083658584141],[-9.14965017981085,38.761400711759443],[-9.1485253378348581,38.761718848246687],[-9.1484181055483056,38.761749175957689],[-9.1483517405224628,38.761767937448354],[-9.1468640841742648,38.762098224142022],[-9.1468733642863516,38.762127344271363],[-9.1469340116549933,38.762317661307414],[-9.1471662931679329,38.763046553449264],[-9.14672631600342,38.763919684278235],[-9.1466417892947174,38.76413594541836],[-9.1465411210419418,38.764393509451281],[-9.1464996119791451,38.764571139474164],[-9.1464506506587249,38.76478065327921],[-9.1464556847165284,38.765135953269414],[-9.1464564281607696,38.765188427215421],[-9.1464613542822253,38.765210756294529],[-9.1465296744542144,38.765520488270575],[-9.1466430750037695,38.765850525576866],[-9.1467870367535973,38.766269507388046],[-9.146926503592999,38.766604335619519],[-9.1469435604799543,38.766645282162116],[-9.1470440277917131,38.766886480919865],[-9.1470770676009234,38.766965799842168],[-9.1473747128689116,38.767680359868777],[-9.1473972695768069,38.767734513586632],[-9.1475535232177609,38.768119513755749],[-9.1476007349183703,38.768548391495685],[-9.1475666155606401,38.769042368384127],[-9.1473667658321016,38.769623334389195],[-9.14732963018362,38.76973128819246],[-9.1472964521438822,38.76982003453314],[-9.1470122212947622,38.77058031987891],[-9.1469069740160194,38.770861841225162],[-9.146735471612212,38.771335547455564],[-9.1466433215655609,38.771604652086999],[-9.1464160710269518,38.772014449946283],[-9.1463593236251626,38.772143334634357],[-9.1462832524050075,38.772316103472555],[-9.1461668705520811,38.772498951933493],[-9.1460016244294167,38.772758568498389],[-9.1457189274377342,38.773125916166293],[-9.1452333440387967,38.77368820259975],[-9.1450609794765008,38.773891063691359],[-9.1449064975191323,38.774072877015932],[-9.1443455084904066,38.774725441948583],[-9.143654203100418,38.775534771428511],[-9.1431277217301741,38.776168031012375],[-9.1428569903181351,38.776488901545974],[-9.1426942607901758,38.776681766388108],[-9.1426230430730051,38.776766172136625],[-9.1424009338235663,38.777028897817345],[-9.141806634548395,38.777731864715271]]]},"properties":{"OBJECTID":45,"NOME":"Lumiar"}},{"type":"Feature","id":46,"geometry":{"type":"Polygon","coordinates":[[[-9.1313888695105732,38.784348294557262],[-9.1337777698440803,38.784872264222876],[-9.1339295764966426,38.784848170812062],[-9.1342953387159849,38.784915114501338],[-9.1346608033538725,38.784961069649583],[-9.1349699690632207,38.784997238386502],[-9.1354062467184907,38.785086450152107],[-9.1356464914436692,38.785131681869103],[-9.1359416192158331,38.785241563869079],[-9.1362053610383835,38.785345764909259],[-9.1364159425739544,38.785425923335588],[-9.1365485260456172,38.785491622628292],[-9.1366889269654834,38.785573196603934],[-9.1370636597155102,38.78581164921065],[-9.137172630652552,38.785851337106699],[-9.1374605453286062,38.785979835044472],[-9.1376627168217315,38.786083752150894],[-9.1377963389172105,38.786141694387325],[-9.1380339264511505,38.7862267520998],[-9.1389503373482164,38.786534848525932],[-9.1397689078171069,38.786799813671657],[-9.139578335991235,38.786410333863657],[-9.1394491497239834,38.786125789965304],[-9.1391310988477805,38.785359808145607],[-9.1389145223973944,38.784996035828577],[-9.1388415665677751,38.784873494951491],[-9.1386465634157066,38.784318720015399],[-9.1385244533569576,38.78356882502829],[-9.1385254752698746,38.783395430773204],[-9.1385269630651731,38.78314294594373],[-9.1385277467919348,38.783009951846417],[-9.13864956531107,38.782153171084126],[-9.1386646019823523,38.782120808223674],[-9.1390610222137223,38.781267697017427],[-9.139207608136676,38.781039254092533],[-9.1393691222736315,38.78078754232115],[-9.1395849978597425,38.78045110775868],[-9.1399676456508523,38.779897692149682],[-9.1403539322181775,38.779445144668138],[-9.140538307699563,38.779229138348057],[-9.1412844649228848,38.778349497020244],[-9.141806634548395,38.777731864715271],[-9.1424009338235663,38.777028897817345],[-9.1426230430730051,38.776766172136625],[-9.1426942607901758,38.776681766388108],[-9.1428569903181351,38.776488901545974],[-9.1431277217301741,38.776168031012375],[-9.143654203100418,38.775534771428511],[-9.1443455084904066,38.774725441948583],[-9.1449064975191323,38.774072877015932],[-9.1450609794765008,38.773891063691359],[-9.1452333440387967,38.77368820259975],[-9.1457189274377342,38.773125916166293],[-9.1460016244294167,38.772758568498389],[-9.1461668705520811,38.772498951933493],[-9.1462832524050075,38.772316103472555],[-9.1463593236251626,38.772143334634357],[-9.1464160710269518,38.772014449946283],[-9.1466433215655609,38.771604652086999],[-9.146735471612212,38.771335547455564],[-9.1469069740160194,38.770861841225162],[-9.1470122212947622,38.77058031987891],[-9.1472964521438822,38.76982003453314],[-9.14732963018362,38.76973128819246],[-9.1473667658321016,38.769623334389195],[-9.1475666155606401,38.769042368384127],[-9.1476007349183703,38.768548391495685],[-9.1475535232177609,38.768119513755749],[-9.1473972695768069,38.767734513586632],[-9.1473747128689116,38.767680359868777],[-9.1470770676009234,38.766965799842168],[-9.1470440277917131,38.766886480919865],[-9.1469435604799543,38.766645282162116],[-9.146926503592999,38.766604335619519],[-9.1467870367535973,38.766269507388046],[-9.1466430750037695,38.765850525576866],[-9.1465296744542144,38.765520488270575],[-9.1464613542822253,38.765210756294529],[-9.1464564281607696,38.765188427215421],[-9.1464556847165284,38.765135953269414],[-9.1464506506587249,38.76478065327921],[-9.1464996119791451,38.764571139474164],[-9.1465411210419418,38.764393509451281],[-9.1466417892947174,38.76413594541836],[-9.14672631600342,38.763919684278235],[-9.1471662931679329,38.763046553449264],[-9.1469340116549933,38.762317661307414],[-9.1468733642863516,38.762127344271363],[-9.1468640841742648,38.762098224142022],[-9.1458505230068408,38.762323237727209],[-9.1456299994551227,38.762372193558399],[-9.1454685689043451,38.762399647109177],[-9.1450141524066169,38.762476925879625],[-9.1445843346582638,38.762550019352055],[-9.1442893240576648,38.762600006429714],[-9.1438830791263239,38.762669048836351],[-9.1434911813916937,38.762735641782889],[-9.1423047437936837,38.762895978342343],[-9.142222477903772,38.762902950922836],[-9.1416051953143977,38.762955267540086],[-9.1415948805945995,38.762956141127546],[-9.1409258981315844,38.763012836685149],[-9.1391821130099515,38.763072925229153],[-9.1374330438499562,38.763066617634571],[-9.1367278382362418,38.763064074993075],[-9.1342152944083264,38.763048953410554],[-9.1316373346896889,38.763033385488463],[-9.1303287845797119,38.763025461635017],[-9.1295374708756452,38.763020662930707],[-9.1291325957377314,38.763024029471396],[-9.1291161613692129,38.763024166828359],[-9.1289706896154517,38.763025375860998],[-9.1288140563736402,38.763026561803002],[-9.1287272762944838,38.763027219138635],[-9.1286664754738869,38.763021792819679],[-9.1285740814070877,38.763013545889848],[-9.1279513982338205,38.762955830189554],[-9.1278644437293313,38.762942180342918],[-9.1273037463945741,38.762854338369202],[-9.1270943854840016,38.762823436977357],[-9.1268679614193644,38.762790041907301],[-9.1264191637016445,38.762706239876962],[-9.1256712305100738,38.76251819102572],[-9.1253214522932442,38.762425523202992],[-9.1249602549897588,38.762329858851423],[-9.1247556280840207,38.762276559257906],[-9.1245984977116592,38.762235644784617],[-9.1244278830448735,38.762177726902877],[-9.1242372804297105,38.762113033244781],[-9.1240117452011376,38.762036423545261],[-9.1236792988546931,38.761939242238249],[-9.1228143058804374,38.761686288355563],[-9.1222037044272177,38.761507773457517],[-9.1214912996382704,38.761299437470313],[-9.1210914196215693,38.761177808777553],[-9.1205994846873786,38.761028204446745],[-9.1204016454500572,38.760968043424747],[-9.1198150405581035,38.760789641135823],[-9.1195106995496769,38.760697081144784],[-9.1194073205175297,38.760665630808553],[-9.1188357157286628,38.760487134816437],[-9.1185586468209046,38.760400586538822],[-9.1163805872294379,38.759749500403515],[-9.1148167860411391,38.759282005308322],[-9.1129091627470054,38.758711664142531],[-9.1127065322757286,38.758651099599263],[-9.1107828125579022,38.758072442387814],[-9.1101609748041632,38.757885356568806],[-9.1072662433585556,38.757014519483768],[-9.1050204865920286,38.756342911508675],[-9.1030967042646278,38.755743960706646],[-9.10310051516913,38.75576407513195],[-9.1031151760504923,38.755841084959322],[-9.1031444884587565,38.756266098572837],[-9.1034304264314763,38.75918755987594],[-9.1034557877109652,38.759446873373236],[-9.1034832360588798,38.759727502797077],[-9.1034889346699384,38.759785377708745],[-9.1037905900610383,38.762667961274964],[-9.1037953068155897,38.762838358489041],[-9.1038016945483982,38.762889481660388],[-9.1038385328615767,38.763183010427639],[-9.1042284331331746,38.766959494291498],[-9.1042330759587617,38.767004491262178],[-9.1045822871601345,38.770386010061756],[-9.1045959679859134,38.770518750949137],[-9.1048287440182722,38.773050971251621],[-9.1049736758278943,38.774502525651805],[-9.1050119990612011,38.774640658912496],[-9.1050671212866554,38.774887286727882],[-9.1062362500398262,38.774805354829596],[-9.1064772029797343,38.774821903319427],[-9.1066476685700071,38.774876056170179],[-9.1069581873042846,38.775100374020234],[-9.1074919184121228,38.775457488843834],[-9.1078586908403203,38.77572213699856],[-9.1084535076092301,38.776220881120608],[-9.1086288040261838,38.77633381175275],[-9.1100529334826934,38.777225826228715],[-9.1101898359711146,38.777425645919422],[-9.1103073685633085,38.777613825382353],[-9.1105472428506786,38.777988788027066],[-9.1107793710450871,38.778360845075774],[-9.1109817217316849,38.778675412557817],[-9.1109890072378548,38.778686702332372],[-9.1112010066031122,38.778890482698017],[-9.1113700932980972,38.778986347155858],[-9.1115793790735857,38.779134484880885],[-9.1118407269958794,38.779345595752481],[-9.1122344687753394,38.779560188071137],[-9.1125883030254382,38.779742686348243],[-9.1128292800172659,38.779902897752109],[-9.1131020027119778,38.780078329545425],[-9.1135961823286511,38.780273518786196],[-9.1140764045776468,38.780474859215971],[-9.1142908361641961,38.780561514676073],[-9.1148926901176885,38.780636348964876],[-9.1151583263059077,38.780730676028114],[-9.1157542593895879,38.780918789114317],[-9.1163145432357577,38.781075034933203],[-9.116822340240434,38.781263884966492],[-9.1173591709536943,38.781429424657098],[-9.1179426776233559,38.781567094704279],[-9.1183319261110913,38.781678748564659],[-9.1195762897818984,38.782044497266625],[-9.1203416147304956,38.782586630537743],[-9.1204565753085181,38.782513907630609],[-9.1207170243411699,38.782677917680338],[-9.1216071207935503,38.782641054911061],[-9.1220388635783944,38.783361439540109],[-9.1229802593988296,38.783065707475679],[-9.1239497863409902,38.782810045507546],[-9.124249003595418,38.782793850343118],[-9.1248558425571105,38.782826697404751],[-9.1258606392296269,38.782997181683491],[-9.1260196149366077,38.783058345054968],[-9.1262350849615306,38.783177032867343],[-9.1265559650844441,38.783294827765417],[-9.1273847155016306,38.78354556857235],[-9.1282940792112317,38.783858041834954],[-9.1287715820050295,38.783966658027794],[-9.1291156935440316,38.784008398694148],[-9.1294337837730435,38.784024689813592],[-9.1296252268437392,38.784029047526722],[-9.1297809294143679,38.78399524470823],[-9.1313888695105732,38.784348294557262]]]},"properties":{"OBJECTID":46,"NOME":"Olivais"}},{"type":"Feature","id":47,"geometry":{"type":"Polygon","coordinates":[[[-9.1397689078171069,38.786799813671657],[-9.1399035111610925,38.786846133093945],[-9.1402275935776984,38.786943864419477],[-9.1402883124894885,38.786956850038429],[-9.140365872131051,38.786947805157084],[-9.14082095571273,38.787096374089444],[-9.1409938096798804,38.787152439368803],[-9.1411488273796042,38.787200916977554],[-9.1412645068786738,38.787283598531872],[-9.1413955307102661,38.787393172700618],[-9.1415279271718113,38.78751894617043],[-9.1417435920169545,38.787730114198091],[-9.1416852259291979,38.787802409982959],[-9.1417134733446197,38.787813964549727],[-9.1417755187785374,38.787855674549732],[-9.1419134859754791,38.787992302490679],[-9.1420819549378134,38.788153884158476],[-9.1421882261011831,38.78826286044275],[-9.1423392306384983,38.788401801970224],[-9.1424927232546818,38.788496860240897],[-9.1425243379282257,38.78851856250553],[-9.1425881646183225,38.788531525474802],[-9.142784756299335,38.788540812789698],[-9.1428752131051052,38.788523993680791],[-9.1431222176261588,38.788476187658489],[-9.1435508665224567,38.788406544798434],[-9.1439773108350053,38.788335291735834],[-9.1444850489488729,38.788242978643623],[-9.1448961709253371,38.788162488570343],[-9.1450265047196808,38.78814199052276],[-9.1450919425016597,38.788146466359869],[-9.1451799736566173,38.788267396252756],[-9.1452953743877075,38.788484384800924],[-9.1454537827116749,38.788853225691931],[-9.1455170886814088,38.789048683649888],[-9.1456419023667248,38.789629049374916],[-9.1457026377318691,38.789959829812055],[-9.1457423412890773,38.790170713472335],[-9.1458488623950203,38.790678544671266],[-9.1458699605538705,38.790795011531564],[-9.1459216820040599,38.79109037389091],[-9.1460034516753765,38.791532480729444],[-9.1460020795498966,38.791589964893149],[-9.1459875024259407,38.791625582767217],[-9.1456091390265843,38.791589952954006],[-9.1454667372034706,38.791596231172619],[-9.145409057698167,38.791635645362824],[-9.1453910890662478,38.791740562291821],[-9.1453946628209533,38.791838532255753],[-9.1454497849841658,38.791919213790493],[-9.145501276662733,38.792052263691367],[-9.1455160820123158,38.79217896299069],[-9.1455208097252054,38.792366462862923],[-9.145540439797454,38.792533655303465],[-9.1455856745169033,38.792753047474122],[-9.1456989368519039,38.793127237684359],[-9.1459051888959184,38.793662939905971],[-9.1460259834056821,38.79395932201809],[-9.1461020773186483,38.794114497574427],[-9.1461560906932249,38.794108621921531],[-9.1464857356309412,38.794254115869244],[-9.1469285185427349,38.794383405037458],[-9.147213295639693,38.794482087330181],[-9.1475138812091927,38.79457513514091],[-9.1477432309332176,38.794661055915448],[-9.1478664944615797,38.794733487005054],[-9.1479643136296644,38.794764524002005],[-9.1480761064323914,38.794774630700161],[-9.1481627031856583,38.794761358544569],[-9.1482629482410012,38.794712024970295],[-9.148319475563591,38.794704596956386],[-9.1484603144702419,38.794734176109628],[-9.1486150511321576,38.794777149551635],[-9.1493394528420211,38.795146282265023],[-9.1494526469616613,38.795254834791116],[-9.1496696093308678,38.795643066280384],[-9.149809828028646,38.795790200461532],[-9.1498877334009183,38.795853748771457],[-9.1504751478635917,38.795775663628731],[-9.1511196137710282,38.795695010294978],[-9.1514052397790628,38.795658290972746],[-9.1514369816084784,38.795608197818247],[-9.1514508655092115,38.795297941438562],[-9.1517263778850868,38.795149793411518],[-9.1522611251038093,38.794890206199454],[-9.1523281518472732,38.794844314309294],[-9.152349792448776,38.794780080359303],[-9.1523804223528327,38.794554620951025],[-9.1523936300710762,38.794528744438267],[-9.1524025106461799,38.794511240553582],[-9.1524339375247905,38.794449301964057],[-9.1527968601312608,38.794304893607233],[-9.1529106415608403,38.79447054054998],[-9.1537262204020529,38.794436115014811],[-9.1537978371425055,38.794534667562544],[-9.1538520596425119,38.7945915697115],[-9.1539284252622259,38.794595678466159],[-9.1540092495854193,38.794589111850819],[-9.1541815450680009,38.794572021082708],[-9.1544437341440759,38.794547030896872],[-9.1545045429461194,38.794533346213527],[-9.1545635818811011,38.794500580520932],[-9.154698117041379,38.794402569101536],[-9.154759889890677,38.794351855766479],[-9.1548155261256063,38.794290388549207],[-9.1548573327509875,38.794227869430721],[-9.1549482173850905,38.794071600707767],[-9.1549975659838676,38.793997126237741],[-9.1550355259850722,38.793874828267953],[-9.1550674481614482,38.793764654393001],[-9.1551080452795102,38.793722415023083],[-9.1551550540336475,38.793701733676571],[-9.1552435340254572,38.793691319589826],[-9.1554692437765066,38.79368330788207],[-9.1557300393325569,38.793665529621279],[-9.1557821131946753,38.793676966800916],[-9.155990862347597,38.793762417519488],[-9.1563775436373618,38.793903603586514],[-9.156441563042808,38.793897096888635],[-9.1564855120488886,38.793871580318729],[-9.1565305931619534,38.793820921267049],[-9.1566881535120324,38.793627135359252],[-9.1568918714465006,38.793361243946286],[-9.1571113664293211,38.793120254578945],[-9.15722577962622,38.79300809245948],[-9.1573120457190491,38.792955902910165],[-9.1573544475522812,38.792935176390678],[-9.1574427608659406,38.792921248176803],[-9.1576608878835177,38.792906271767748],[-9.1578606705948307,38.792896141674305],[-9.1579199608061508,38.792881204748888],[-9.157982051404888,38.792844811968166],[-9.158023141704394,38.792732124779],[-9.1580870310634843,38.792516277978187],[-9.158142352006136,38.79236077272656],[-9.1581966331990028,38.79232570672432],[-9.1582645905911377,38.792305201555259],[-9.1583407867501343,38.792297234021326],[-9.1584075185129947,38.792287189426375],[-9.1584709192718297,38.792230067040194],[-9.1584871881102217,38.792152363851216],[-9.158414063398947,38.79207761508637],[-9.1585428368856618,38.792004153617007],[-9.1587409300850151,38.791908282974013],[-9.159139594113773,38.79170570511004],[-9.1592325344318724,38.791653542012639],[-9.159257611367881,38.791636570053257],[-9.1593728120985229,38.791363252770239],[-9.1595632162647309,38.790924796623614],[-9.1596614112500543,38.790686037174368],[-9.1596919138882757,38.790661719364486],[-9.159775636062383,38.790625314832788],[-9.159987517099303,38.790560664341839],[-9.1600753774047874,38.790531608692866],[-9.160121886868513,38.790508140938869],[-9.1601536637046319,38.790484888236911],[-9.1604061296737118,38.790273149210556],[-9.1606849696173391,38.790030729663421],[-9.1607533313164886,38.79003850387118],[-9.1607934668568873,38.790036076391203],[-9.1608098898846659,38.789961623311257],[-9.1608659284716794,38.789576589930434],[-9.1609978699467494,38.789443551174642],[-9.1614678438181656,38.788991012172637],[-9.1617159879460832,38.788759395780765],[-9.161768884184589,38.788715963991585],[-9.1618050135928453,38.788707361482665],[-9.1619385543414005,38.788693660451955],[-9.1621576577338963,38.788667588457422],[-9.1623713702932719,38.788642735448377],[-9.1624046687814769,38.788637126649633],[-9.1624246370080602,38.78862541901151],[-9.1624948888439466,38.788572556912051],[-9.1626853521553464,38.78841999429995],[-9.1630349779766913,38.78814667932177],[-9.1631183421002049,38.788085235775668],[-9.1631384139158687,38.788080825192914],[-9.1632054143785329,38.788089691807869],[-9.16340931298223,38.788126623902983],[-9.1634911128381891,38.788140584362772],[-9.1635527233023453,38.788143191071583],[-9.1636114094435097,38.788134297203861],[-9.1636751928218736,38.788104369360923],[-9.1638154550035971,38.787989993793779],[-9.1638933373388998,38.787915983579182],[-9.163923457359143,38.787873829966841],[-9.1639270469712866,38.787835064915832],[-9.1639272134031629,38.787751202067284],[-9.163898970929468,38.787652005500505],[-9.1638614577275082,38.787556947801917],[-9.1638448015223659,38.787510974075914],[-9.1638536057614193,38.787475314842482],[-9.1639463558723051,38.787410721666866],[-9.1642404263437189,38.787212206333813],[-9.1644696992994383,38.787045702913161],[-9.1651094349138624,38.786595877196305],[-9.1652593648710496,38.786601844720536],[-9.165350445377161,38.786605277407446],[-9.1653913613051721,38.786569243400955],[-9.1654243468882637,38.786414737256059],[-9.1654729847596386,38.786212536315666],[-9.1654939667470501,38.786191003435547],[-9.1656942586595509,38.786106179356146],[-9.1657803371482718,38.786081634557171],[-9.1657925589369587,38.786091165754819],[-9.1658903795005973,38.786250459266775],[-9.1659348061558568,38.786282133333074],[-9.1659729000732657,38.786298372705978],[-9.1660123288451167,38.786302794690251],[-9.1660713707877122,38.786295155733214],[-9.1662633118222612,38.786261388452019],[-9.1663704951583984,38.786240265123787],[-9.1664249397891293,38.786232665740009],[-9.1664947083820625,38.786234388063008],[-9.1665448479146328,38.786239888855803],[-9.1666313430961015,38.786252184204692],[-9.1667531404218501,38.786278493162463],[-9.1670436166665556,38.786349509492325],[-9.167131672414552,38.786366567478112],[-9.1671725189106485,38.7863578251891],[-9.1672040026805437,38.786338630263806],[-9.1672602801803755,38.78613176613166],[-9.1672876917537529,38.786037754503795],[-9.1678174548703613,38.785998740549175],[-9.1686622998637475,38.785942604532778],[-9.1688477233090016,38.785768910126272],[-9.1690340255341045,38.785767256823874],[-9.1692524939839402,38.785570750305148],[-9.1692599634499032,38.785568623094655],[-9.1692685721760139,38.785566170509632],[-9.1692621956093827,38.785542109666196],[-9.1692032491746716,38.785509685553656],[-9.1691029019834911,38.785454490233739],[-9.1689562387881107,38.785373815298705],[-9.1684373248609248,38.785076823405227],[-9.1683811939256898,38.78504469820507],[-9.1668256736147153,38.783788357167722],[-9.1662446313347736,38.783319051268855],[-9.1660687517343877,38.783209449382973],[-9.1660530268310545,38.783199649215405],[-9.1658371911877197,38.783076353453801],[-9.1655070226177777,38.782925243516893],[-9.1654250588492108,38.782900804436053],[-9.1653872190549137,38.782889523200048],[-9.1653163152125359,38.782868380466091],[-9.165274838585276,38.782865144631572],[-9.1652210483778642,38.782866561063209],[-9.1650171510209777,38.782871928004944],[-9.1648066296952511,38.78287739270867],[-9.1647158163465114,38.782884501710122],[-9.1646217077849279,38.782902448153543],[-9.1645655069668965,38.782915556030822],[-9.1644877025839779,38.782946870104709],[-9.1644007704751385,38.782983669347232],[-9.1643219968874661,38.783027602743886],[-9.1642547961145162,38.783075937851052],[-9.1639436994789278,38.783289467196262],[-9.1635516545953948,38.783555955541843],[-9.1634013355680004,38.783666276834879],[-9.1632442144017148,38.783783864116984],[-9.1630849597601713,38.783913179193689],[-9.1630233942199375,38.783953356929139],[-9.162948792804718,38.783967526987695],[-9.1628129331080697,38.783963321409722],[-9.1627321506399984,38.783947821056657],[-9.1626199365187606,38.783907375820142],[-9.1625559602254647,38.78386019917663],[-9.1625484276067493,38.783851454136482],[-9.1625267005065307,38.78382622831932],[-9.1625138226069929,38.783811028557679],[-9.1624793620802887,38.783735667758947],[-9.1624677343142462,38.783647494936019],[-9.1624692834231194,38.783595236218275],[-9.1624994186639004,38.783530114798907],[-9.1625333815319774,38.783491082187716],[-9.1625742485417412,38.78345198874139],[-9.162639306010524,38.783414482805817],[-9.1627170599185135,38.783379567295285],[-9.1630101172045517,38.78327159021724],[-9.163116533271614,38.783229215601629],[-9.1633305168518593,38.783144455028101],[-9.1634343989787546,38.783085888476123],[-9.1635036813261195,38.783022222272059],[-9.1635383910644368,38.782955258692468],[-9.1635503085367418,38.782903809304656],[-9.1635445767940062,38.782825493138162],[-9.1635342022850725,38.78274451557953],[-9.1635276828597121,38.782691427215866],[-9.1635212153116878,38.782641942403373],[-9.1634748285452137,38.782457693911098],[-9.1634395110338787,38.78232288964012],[-9.1634024508287126,38.782226835042586],[-9.1633240142913142,38.782054579157176],[-9.1631744881408572,38.781740629775292],[-9.1631436366206493,38.781676046659818],[-9.1631137791789481,38.781600645444691],[-9.1630824472009991,38.781502737783221],[-9.1630121233198931,38.781174576561071],[-9.1630055785504982,38.781119687721137],[-9.16300299219583,38.781099893412353],[-9.1629753634301405,38.780859631135009],[-9.1629937303191635,38.780776598634155],[-9.1629700812759527,38.780732668962926],[-9.1629550804067446,38.780649930537884],[-9.1629530087857791,38.780585994492426],[-9.1629532502599123,38.780522937937619],[-9.1629549415062463,38.780480586488608],[-9.162959994019964,38.780431900874184],[-9.1629660676072486,38.780374197584081],[-9.1629743647445121,38.780311070031225],[-9.1629871078421949,38.780237094863651],[-9.1629934805259516,38.780200106818668],[-9.1630008860944194,38.780155002671663],[-9.1630030048492834,38.780142373112042],[-9.1630127894265794,38.780102652662187],[-9.1630282235538907,38.780055676197627],[-9.1630381129063529,38.78002316104255],[-9.1630548531177123,38.77998698239378],[-9.1630716192256134,38.77995260506944],[-9.1630839393910364,38.779929076260998],[-9.1631411673287655,38.779827684741008],[-9.1631770665874601,38.779763413086904],[-9.1631826890427135,38.779754355749112],[-9.1632051704941322,38.779717225691392],[-9.1632309460267347,38.779669257259123],[-9.1632533614830667,38.779627623885418],[-9.1632678143381963,38.779592366146616],[-9.1632710966242605,38.779580627101609],[-9.1632753363095425,38.779555367951552],[-9.1632796525952944,38.779535512791888],[-9.1632902765574578,38.779474166252236],[-9.1633045727033853,38.77942810055773],[-9.1633197991651762,38.779366714339695],[-9.1633404147160462,38.779280057931636],[-9.1633686687443703,38.779164509288037],[-9.163405777772093,38.779024562465636],[-9.1634407161599558,38.778893641644288],[-9.1634668371511676,38.778789822789847],[-9.1634807831053422,38.778719439157861],[-9.1634891044006022,38.778658112896792],[-9.163488260785412,38.778599570680491],[-9.1632154500126006,38.778593872468505],[-9.1632055738815499,38.77862728830619],[-9.1631869745137688,38.778694109815966],[-9.1631651694237579,38.778778073456834],[-9.1631488441617766,38.778843073358068],[-9.1631270001280392,38.778924335900939],[-9.1630974514974604,38.779029987347847],[-9.1630799766329112,38.779094996469311],[-9.1630647888986339,38.779159085552159],[-9.1630527809476128,38.779204230274509],[-9.1630317493326778,38.779262065414791],[-9.163002664426406,38.779319971527862],[-9.1629566368809581,38.779372937555728],[-9.1629250116180305,38.779365283115062],[-9.1628749465889765,38.779353166570928],[-9.1626995046854152,38.779303929336876],[-9.1621743791763777,38.779130732380146],[-9.1617356442732376,38.779067178260192],[-9.1614688491202134,38.779028383394767],[-9.1610674583439877,38.778967582379146],[-9.1607407519135506,38.778922409295909],[-9.1605287921685985,38.778854277225214],[-9.1599478599468398,38.778634406026228],[-9.1599853081847264,38.778516057021967],[-9.1599937756992897,38.778464638266627],[-9.1600052171124311,38.778379864589674],[-9.1600153646576654,38.77828519462301],[-9.1600186978857625,38.778248570322532],[-9.1600243098964054,38.778186932107523],[-9.1600317513660432,38.778133301044903],[-9.1600368231918292,38.778096744336047],[-9.1600460008872346,38.77801469287801],[-9.1600559834084443,38.77791927490545],[-9.1600571310157619,38.777908304152319],[-9.1600582559379564,38.777899201812296],[-9.1600653776636616,38.777841574100364],[-9.1600679628550825,38.777781200148624],[-9.1600667592031062,38.777697438361074],[-9.1600637076304317,38.777645220947718],[-9.1600545284391988,38.777566934817386],[-9.1600400839066225,38.777480415904478],[-9.1600381603305223,38.777468894741119],[-9.1600296287218459,38.777433190806676],[-9.1600259168935558,38.777417657978603],[-9.1600098287650766,38.777385192086989],[-9.1600043070062238,38.777374245711542],[-9.1599799573559757,38.777342397384736],[-9.1597317554650424,38.777112116128791],[-9.159720535902224,38.777100649602865],[-9.1597073656679928,38.777080101451475],[-9.1596986683437471,38.777066534669991],[-9.1596899544822339,38.777020671529691],[-9.1596763671099275,38.776955935758274],[-9.1596491009077408,38.776820159563606],[-9.1596254943057662,38.776698762764212],[-9.1596105358252569,38.776618725793888],[-9.1596048799493275,38.776563898258864],[-9.1596038521158434,38.776553928465155],[-9.1596043559831752,38.77650888512256],[-9.1596072772361907,38.776471928450874],[-9.1584564211500119,38.77723316408612],[-9.1580683960402212,38.777489819215404],[-9.1579825492723046,38.777435958860188],[-9.1575656310556752,38.777184243044623],[-9.1575100296092931,38.777150627904042],[-9.1574347769802618,38.777118860439778],[-9.1573435320346483,38.77709534100309],[-9.1572590726426224,38.777087641848254],[-9.1561569911442291,38.77708593474317],[-9.1561185864813162,38.777297052211111],[-9.1562050347312205,38.777307103824334],[-9.1561708839158236,38.777493863042082],[-9.1561121142516022,38.777488072994473],[-9.1560833804384956,38.777651364522711],[-9.1561110335750637,38.777653824777992],[-9.1560833087651385,38.777807198907055],[-9.1560268389145953,38.777801388685333],[-9.1560107915597282,38.777886201420401],[-9.1560983794016391,38.777895342354455],[-9.1560871688940306,38.777956969057925],[-9.1560642409284068,38.778083002195807],[-9.1560054567695364,38.778076311445943],[-9.155975573041907,38.778239612999705],[-9.1560032392698609,38.778242973942916],[-9.1559755140283432,38.778396348037383],[-9.1559190437196385,38.778390537770335],[-9.1558619274418511,38.778661270254787],[-9.1556655033893364,38.778853135413222],[-9.1556190583333699,38.778898500565276],[-9.1555441390706882,38.778890150114947],[-9.1555164303241394,38.778964255462967],[-9.1554995964936197,38.778994129327444],[-9.1554610550328128,38.779035001544912],[-9.1554074010385431,38.779065196621701],[-9.1553351429140957,38.779082043646937],[-9.1552545357842803,38.779078246658763],[-9.1550351064914448,38.779023420383147],[-9.1550077570995523,38.779122744259439],[-9.1548080254192037,38.779157822224796],[-9.1547982235397853,38.779196641388253],[-9.1546754834226292,38.779202310228229],[-9.154572945287148,38.77920766723453],[-9.1544703331680672,38.779208565044492],[-9.1542498049862164,38.779183103262326],[-9.1539958183481662,38.779114552788428],[-9.1535554249323212,38.779015761967806],[-9.1532406418363426,38.77892926666901],[-9.1530862890287121,38.778899377742867],[-9.1530283177282907,38.778870609332358],[-9.1529543241837494,38.778824622725665],[-9.1527344361573721,38.778612394995754],[-9.1524684163346759,38.778346964834292],[-9.1519560264526838,38.777907360339135],[-9.1513420211013283,38.777714208381148],[-9.1510503581289022,38.777649817050197],[-9.1507389340388716,38.777594992197045],[-9.1504956702361984,38.777529709586318],[-9.1493513968338043,38.77724068875694],[-9.1478694996230043,38.776870029241103],[-9.1475857479487335,38.777593844803484],[-9.1475464998966416,38.777677788612444],[-9.1465266880894251,38.777179909297899],[-9.1460770912505929,38.776960406112153],[-9.1452840011582808,38.776618690173514],[-9.144463063918856,38.77626009589526],[-9.1438830604180854,38.777625251085524],[-9.1436501577507752,38.77817342124942],[-9.141806634548395,38.777731864715271],[-9.1412844649228848,38.778349497020244],[-9.140538307699563,38.779229138348057],[-9.1403539322181775,38.779445144668138],[-9.1399676456508523,38.779897692149682],[-9.1395849978597425,38.78045110775868],[-9.1393691222736315,38.78078754232115],[-9.139207608136676,38.781039254092533],[-9.1390610222137223,38.781267697017427],[-9.1386646019823523,38.782120808223674],[-9.13864956531107,38.782153171084126],[-9.1385277467919348,38.783009951846417],[-9.1385269630651731,38.78314294594373],[-9.1385254752698746,38.783395430773204],[-9.1385244533569576,38.78356882502829],[-9.1386465634157066,38.784318720015399],[-9.1388415665677751,38.784873494951491],[-9.1389145223973944,38.784996035828577],[-9.1391310988477805,38.785359808145607],[-9.1394491497239834,38.786125789965304],[-9.139578335991235,38.786410333863657],[-9.1397689078171069,38.786799813671657]]]},"properties":{"OBJECTID":47,"NOME":"Santa Clara"}},{"type":"Feature","id":48,"geometry":{"type":"Polygon","coordinates":[[[-9.0863327748544513,38.796225316667986],[-9.0899554177419475,38.796195850441208],[-9.0916567804609887,38.796206154248679],[-9.0923103501757758,38.796176506582725],[-9.0925258424903745,38.796206152913285],[-9.0925519311061738,38.79629569144528],[-9.0926001346017937,38.796270685423558],[-9.0926139752431965,38.79627449015581],[-9.0926871857224381,38.796268825651083],[-9.092725524543205,38.796268103631881],[-9.0927776762588248,38.796269288598744],[-9.0928198944936369,38.796273399794643],[-9.0928674778770819,38.796283610220428],[-9.0928763909077777,38.796286473547937],[-9.0928886940353504,38.796290642180921],[-9.0929075704528231,38.796296584497959],[-9.0929141236346283,38.796298575435934],[-9.092926717671439,38.796302120137447],[-9.0929395826162125,38.7963052662693],[-9.0929539300875746,38.796307809309724],[-9.0929677627066532,38.796309726933153],[-9.092987777451583,38.796313003487597],[-9.0930003775667085,38.796316142780526],[-9.0930117060027733,38.796318012511996],[-9.0930243965950499,38.796318457728873],[-9.0930366120427895,38.796317033227005],[-9.0930485376161059,38.796316223635309],[-9.0930586388628978,38.796316708137248],[-9.093056464691994,38.796342461264551],[-9.0931230605026396,38.796345578481493],[-9.0931255124826933,38.796315653363088],[-9.0931975946671777,38.796322751943102],[-9.0932249950894715,38.796326580298761],[-9.0932868422138711,38.796337889396511],[-9.0933911435743653,38.79636222522587],[-9.0935180596082503,38.796388948604395],[-9.093672772287233,38.796420537237559],[-9.093742675024993,38.796436761176686],[-9.0937712857074207,38.79644413663074],[-9.0937973180061249,38.796449795674341],[-9.093805707491688,38.796452239868984],[-9.0938164305406968,38.79645616917724],[-9.0938535004291481,38.796464321789472],[-9.0938663974509488,38.79646642265115],[-9.0938795622106454,38.796468746504651],[-9.0939030080066559,38.796472083866043],[-9.0939327683905145,38.796476784420598],[-9.0939440940929224,38.796478446904622],[-9.0939612221680672,38.79648104442203],[-9.0939733511158778,38.796482521042677],[-9.0939854700647569,38.796484195915689],[-9.094007053540885,38.796487710711567],[-9.0940202094603766,38.796490232793325],[-9.0940604718377713,38.79649782762479],[-9.0941251984183538,38.796510022382407],[-9.094196395191485,38.796524450961961],[-9.0943324349552732,38.796552020802437],[-9.0943447703335654,38.79655515311989],[-9.0944131079621613,38.796570523883162],[-9.0944704052146772,38.796583193930829],[-9.0944875071542608,38.796586413123507],[-9.0945109559311792,38.79658996742576],[-9.0945228112133165,38.796591634503812],[-9.0945988412192609,38.796601763282958],[-9.0946858571933227,38.796616449622157],[-9.0946977620524869,38.796616666019943],[-9.0947112357011974,38.796617131632225],[-9.0947259596136529,38.796618555290841],[-9.0947334315458495,38.796621669042757],[-9.094740854057358,38.79662410311267],[-9.094753105641816,38.79662613712587],[-9.0947650811122056,38.796628181517335],[-9.094778498044473,38.796630422123599],[-9.0947936817139325,38.796633080560952],[-9.0948070956216611,38.796635095994034],[-9.0948208087603621,38.796637108061852],[-9.0948391831779549,38.796639938402038],[-9.0948514347677083,38.796641972404856],[-9.094864000136285,38.796644229018383],[-9.0948759671298305,38.796646498663009],[-9.09488794867206,38.796648994282215],[-9.0948999333627292,38.796651724076824],[-9.0949116447360812,38.796654672307085],[-9.0949236117448837,38.796656942847463],[-9.0949373456012346,38.796659639323167],[-9.0949493271476811,38.796662134936007],[-9.0949610239885885,38.796664858086125],[-9.0949727239782323,38.79666781541173],[-9.0949856183888347,38.796671429479908],[-9.09499704831941,38.796674847522851],[-9.095003971041173,38.796676835300843],[-9.0950333664593916,38.796685285819905],[-9.0950465454490796,38.796688662435123],[-9.0950614477032872,38.796691791559532],[-9.0950731239624076,38.796693839283463],[-9.0950844949252865,38.796695439130218],[-9.0950993576346892,38.796697424585844],[-9.0951198746141575,38.796700884901625],[-9.0951282575158512,38.79670232018244],[-9.0951396315085429,38.79670414519363],[-9.0951539230539939,38.796706369547614],[-9.0951682115607699,38.796708367829297],[-9.0951777570903793,38.796709464749249],[-9.0951868645390714,38.796710511228852],[-9.0951998016382412,38.796711734253961],[-9.0952113593516124,38.796712755151177],[-9.0952276281349764,38.796714273218313],[-9.0952413090890776,38.79671560181027],[-9.0952547230238743,38.796717617191561],[-9.0952815831066225,38.796722331375598],[-9.0953090330876769,38.79672725778336],[-9.0953236122548375,38.796729470740154],[-9.0953376161983623,38.796731706447844],[-9.0953513292481354,38.796733709446151],[-9.0953653155067489,38.796735485898829],[-9.0953787264203942,38.796737276095939],[-9.0953918496012758,38.796739068661203],[-9.0954052605040836,38.796740857954575],[-9.0954259449545365,38.796743416958861],[-9.0954396549926546,38.796745195677545],[-9.0954536401045551,38.796746972129078],[-9.0954676408936432,38.796748972743757],[-9.0954816271578522,38.796750749182429],[-9.0954959126654895,38.796752523154638],[-9.0955125111872199,38.796754251049933],[-9.0955264736966619,38.796755116991193],[-9.0955337130089973,38.79675556630157],[-9.0955404362185224,38.796755983831481],[-9.095561090875238,38.796757182880746],[-9.0955744665427449,38.796758063558777],[-9.0955878390485392,38.796758709157963],[-9.0956015109305941,38.796759362198095],[-9.0956151534942187,38.796759547072973],[-9.0956285169260553,38.796759518058721],[-9.0956424412743697,38.796759258326603],[-9.0956557900466173,38.796758995227428],[-9.0956760884596513,38.796758611819897],[-9.0956897249650073,38.796758346346422],[-9.0957071536037439,38.796758463087706],[-9.095721670876868,38.796758640743903],[-9.0957370627385128,38.796758802184996],[-9.0959383492675574,38.796759690170987],[-9.0959725176289741,38.796759281593751],[-9.0959960278103082,38.796758835632069],[-9.0960087866953003,38.79675836116683],[-9.0960212391140711,38.796757437935455],[-9.0960345674050949,38.796756508385293],[-9.0960481686471937,38.796755333373753],[-9.0960623714045035,38.796754378598003],[-9.0960797472228592,38.796753136443385],[-9.0960924885239649,38.796752210823598],[-9.0961118805293157,38.796750249439576],[-9.0961251911261858,38.796748860627567],[-9.0961387863041736,38.796747235265954],[-9.096152668051797,38.796745606639966],[-9.0961665509618079,38.796743978903521],[-9.0961804484111006,38.796742576240391],[-9.096193459762393,38.79674118988715],[-9.096207947095996,38.796739998545505],[-9.0962261829437274,38.796738514176809],[-9.0962389181905419,38.796737139102198],[-9.0962528009755204,38.796735502348767],[-9.0962666808501709,38.796733649430713],[-9.0962805449116448,38.796731562438801],[-9.0962955694013079,38.796729230775938],[-9.0964253554068613,38.796699680881716],[-9.0965483708251007,38.79667167385805],[-9.0965596031600064,38.796668959972436],[-9.0965725659320587,38.796665762510948],[-9.0967640325308494,38.796623916921284],[-9.0967810397701534,38.796620181643625],[-9.0967925598205106,38.796617465362715],[-9.0968040736835469,38.796614289734386],[-9.0968153029666947,38.796611350654672],[-9.0968265436369045,38.796608402472174],[-9.0968429414173624,38.796603772334095],[-9.0969072120422698,38.796579595850218],[-9.0969186815236132,38.796574835205575],[-9.0969315705640632,38.796569584536307],[-9.0969438969311902,38.796564348415721],[-9.0969564934536571,38.796558659675725],[-9.096969668350857,38.796553182350209],[-9.0969940601358275,38.796543847233991],[-9.0970092530703432,38.796537874942601],[-9.0970201502277614,38.796533353212027],[-9.0970336096931241,38.796527639329156],[-9.0970487977172443,38.796521217584399],[-9.0970636834635989,38.796514573136719],[-9.0970784671989087,38.796507362938726],[-9.0970991676607422,38.79649820958555],[-9.0971091871880887,38.796493478900473],[-9.0971200758565516,38.796489182425418],[-9.0971309759116288,38.796484876847607],[-9.0971412995927494,38.796480594039842],[-9.0971564729205827,38.796473937299055],[-9.0971710678810744,38.796467070042183],[-9.0971810789236702,38.796462564615751],[-9.0971962461884921,38.79645545843109],[-9.0972128476831529,38.7964480971998],[-9.0972280502171081,38.796441900506849],[-9.0972437988711725,38.796435229999652],[-9.0972541236891491,38.796430947172574],[-9.0972647246072107,38.796426653058511],[-9.0972804805908716,38.796419758191924],[-9.0972916477459442,38.796414774810778],[-9.0973056764410689,38.796408596802053],[-9.0973217037097847,38.79640124840094],[-9.0973706412654529,38.796378730419462],[-9.0973835015629714,38.796372120662106],[-9.0974796449529904,38.796327565523555],[-9.0974942221520028,38.796320238975689],[-9.0975090695007683,38.796312459806735],[-9.0975239489691582,38.796305355955056],[-9.0975342622420072,38.796301073198606],[-9.0975442804401645,38.796296333479489],[-9.0975545936983302,38.796292049820572],[-9.0975657783931041,38.796287516658047],[-9.0975798277746875,38.796282023037826],[-9.0975947547709755,38.796276738358522],[-9.0976053732246331,38.796272894458397],[-9.0976185760776183,38.796267876226445],[-9.0976334853549456,38.796262131390385],[-9.0976487085483484,38.796256619064359],[-9.0976639170734792,38.796250872654923],[-9.0976748202154312,38.796246801203566],[-9.0976888726157377,38.79624153274009],[-9.0977043646792506,38.79623555878991],[-9.0977195731831788,38.796229811472614],[-9.0977344971225182,38.796224301605996],[-9.097749691088973,38.79621833011084],[-9.0977651654405136,38.796211896901518],[-9.0977858002685732,38.7962030961735],[-9.0977969734252042,38.79619856308414],[-9.0978121849614606,38.796193041825347],[-9.0978228180570841,38.796189431987152],[-9.097838910362972,38.796184353842314],[-9.097854725293919,38.79617927798548],[-9.0978702452785285,38.796174437863634],[-9.0978863521227051,38.796169584786995],[-9.0978981535941621,38.796166406676328],[-9.0979134211381325,38.796162479320841],[-9.0979246533389908,38.796159765305475],[-9.0980925188670518,38.796134046306399],[-9.0981081330656774,38.796131926628462],[-9.0981248950280271,38.796129563266341],[-9.0981422468629507,38.796127410316132],[-9.0981538020667916,38.796125603397861],[-9.0981656406915388,38.796123559934962],[-9.0981780558063701,38.796121502701524],[-9.0983011439097883,38.79612315949354],[-9.0983446993933654,38.796125101180216],[-9.0984307542292786,38.796128938282784],[-9.0984867232100548,38.796131433125872],[-9.0985598378094341,38.796135942736825],[-9.0986145341209657,38.796149129472106],[-9.0986526801328047,38.796169103399947],[-9.0993971655395889,38.796370195586391],[-9.0995013312143911,38.795981963102285],[-9.0996926369801105,38.795324227108303],[-9.0999712106819146,38.794399705503054],[-9.1003567576606272,38.793145941952559],[-9.1007354454819289,38.791737580692974],[-9.1009377555750799,38.790519882364421],[-9.1009859003306044,38.790061999157302],[-9.1010226725546772,38.789354958905804],[-9.1009875334609962,38.788200691440274],[-9.1009560443001387,38.787714173394299],[-9.1008805288684744,38.787052728104236],[-9.1004854920366327,38.784327267580686],[-9.1003415981075761,38.783332084405188],[-9.1003222583127688,38.783197084119166],[-9.1001381013501277,38.781911591327948],[-9.100081240833255,38.781510564807988],[-9.0998842018150476,38.780256252966346],[-9.0997805041401723,38.779612341423345],[-9.0997167355308815,38.779170438386828],[-9.0996909041019975,38.77899143166163],[-9.0995877602261377,38.778275388727963],[-9.0995232842317293,38.777827864143468],[-9.0994424340290081,38.777291154267409],[-9.0993372870657936,38.776649194243355],[-9.099255006612454,38.776112617550844],[-9.0991773717810087,38.775575614105115],[-9.0991256192866956,38.77521760541056],[-9.0992477114180943,38.775210964397466],[-9.0994442854013755,38.775198067585777],[-9.1007625557630707,38.775172394518826],[-9.1010669422818591,38.775148791782783],[-9.1015269343596508,38.775118851785351],[-9.1037144458562214,38.774976274965702],[-9.1050671212866554,38.774887286727882],[-9.1050119990612011,38.774640658912496],[-9.1049736758278943,38.774502525651805],[-9.1048287440182722,38.773050971251621],[-9.1045959679859134,38.770518750949137],[-9.1045822871601345,38.770386010061756],[-9.1042330759587617,38.767004491262178],[-9.1042284331331746,38.766959494291498],[-9.1038385328615767,38.763183010427639],[-9.1038016945483982,38.762889481660388],[-9.1037953068155897,38.762838358489041],[-9.1037905900610383,38.762667961274964],[-9.1034889346699384,38.759785377708745],[-9.1034832360588798,38.759727502797077],[-9.1034557877109652,38.759446873373236],[-9.1034304264314763,38.75918755987594],[-9.1031444884587565,38.756266098572837],[-9.1031151760504923,38.755841084959322],[-9.10310051516913,38.75576407513195],[-9.1030967042646278,38.755743960706646],[-9.1030738381510368,38.755736852314691],[-9.1030028635860258,38.755720237217147],[-9.1029884376570269,38.755716844767292],[-9.1028713022862586,38.755689443801046],[-9.102712389559489,38.755652301412908],[-9.1009907033053992,38.755141531912635],[-9.1006574612015374,38.755041246633404],[-9.1005091487192793,38.754996626142862],[-9.1003729640096793,38.754955599216501],[-9.0993288911955492,38.754641500848557],[-9.098878761199602,38.754506057011987],[-9.0971230716785829,38.753977676485221],[-9.0960041062665908,38.753643989213344],[-9.0958926482264033,38.753610679336077],[-9.0946330729857898,38.753235081272862],[-9.0945617635255491,38.753220270751967],[-9.0907097536792758,38.75242016374046],[-9.0900112492270111,38.754577587267335],[-9.0898355643179656,38.758549844563532],[-9.0899061010377729,38.760967587473765],[-9.0898474040469139,38.762281765197699],[-9.0900156755550992,38.766310918088443],[-9.0894227519665574,38.773302120285059],[-9.0889799458729179,38.774410372214867],[-9.0887725085104254,38.776323699908374],[-9.0884315114310219,38.77951524219776],[-9.0881218868854425,38.782981080171439],[-9.0876931434336488,38.788955739251001],[-9.0871359067892925,38.792941090348968],[-9.0863327748544513,38.796225316667986]]]},"properties":{"OBJECTID":48,"NOME":"Parque das Nações"}}]}